make[1]: Entering directory '/workspaces/realme_Narzo-50_8i-AndroidT-kernel-source/out'
  HOSTCC  scripts/basic/fixdep
  GEN     ./Makefile
  HOSTCC  scripts/kconfig/conf.o
  HOSTCC  scripts/kconfig/zconf.tab.o
  HOSTLD  scripts/kconfig/conf
scripts/kconfig/conf  --syncconfig Kconfig
  GEN     ./Makefile
  Using .. as source for kernel
$GED: CONFIG_MTK_PLATFORM is ["mt6785"]
mali MTK evironment, building r32p1 DDK
mtk-Kbuild CONFIG_MALI_PLATFORM_THIRDPARTY := y
mtk-Kbuild CONFIG_MALI_PLATFORM_THIRDPARTY_NAME := "mt6781"
*GPU defined GPU BM QoS 2.0
mali MTK evironment, building r32p1 DDK
mtk-Kbuild CONFIG_MALI_PLATFORM_THIRDPARTY := y
mtk-Kbuild CONFIG_MALI_PLATFORM_THIRDPARTY_NAME := "mt6781"
*GPU defined GPU BM QoS 2.0
mali MTK evironment, building r32p1 DDK
mtk-Kbuild CONFIG_MALI_PLATFORM_THIRDPARTY := y
mtk-Kbuild CONFIG_MALI_PLATFORM_THIRDPARTY_NAME := "mt6781"
*GPU defined GPU BM QoS 2.0
-- KernelSU-Next version: 12851
  CC      arch/arm64/kernel/asm-offsets.s
-- KernelSU-Next Manager signature size: 0x3e6
-- KernelSU-Next Manager signature hash: 79e590113c4c4c0c222978e413a5faa801666957b1212a328e46c00c69821bf7
  UPD     include/generated/asm-offsets.h
  CALL    ../scripts/checksyscalls.sh
../drivers/misc/mediatek/base/power/ppm_v3/src/Makefile:110: USE_PPM_CPI
..
 BT_ENABLE_LOW_POWER_DEBUG=
ConnFem: Customer load
[fm_drv:Kbuild] M = 
[fm_drv:Kbuild] CFG_FM_PLAT = mt6631
[fm_drv:Kbuild] CFG_BUILD_CONNAC2 = 
[fm_drv:Kbuild] CFG_FM_CHIP_ID = 6781
[fm_drv:Kbuild] CFG_FM_CHIP = mt6631
[fm_drv:Kbuild] src = drivers/misc/mediatek/connectivity/fmradio
[fm_drv:Kbuild] KO_CODE_PATH = ../drivers/misc/mediatek/connectivity/fmradio
os option: linux
$MTK_PLATFORM is [mt6785]
$WLAN_CHIP_ID is [6781]
$MTK_COMBO_CHIP is [SOC2_2X2]
$CCFLAG is [{-Wno-unused-value -Wno-unused-result -Wno-format -Wno-parentheses -UMT6620 -UMT6628 -UMT5931 -UMT6630 -UMT6632 -UMT7663 -UCONNAC -USOC2_1X1 -UUT_TEST_MODE -UMT7915 -USOC3_0 -UMT7961 -USOC5_0 -USOC7_0 -DCONFIG_WLAN_MTK_EMI=1 -DCFG_SUPPORT_DEBUG_FS=0 -DWLAN_INCLUDE_PROC -DCFG_SUPPORT_AGPS_ASSIST=0 -DCFG_SUPPORT_TSF_USING_BOOTTIME=1 -DARP_MONITER_ENABLE=1 -Wno-unused-but-set-variable -DLINUX -DOPLUS_WLAN_BUG_STABILITY=1 -DSOC2_2X2 -DCONFIG_MTK_WIFI_VHT80 -DCFG_ENABLE_HOST_BUS_TIMEOUT=0 -DCFG_SUPPORT_SET_IPV6_NETWORK=0 -DCFG_SUPPORT_MDDP_AOR=0 -DCFG_TRI_TX_RING=0 -DCFG_ANDORID_CONNINFRA_SUPPORT=0 -DCFG_SUPPORT_CONNAC2X=0 -DCFG_SUPPORT_CONNAC2X_2x2=0 -DCFG_SUPPORT_802_11AX=0 -DCFG_SUPPORT_802_11BE=0 -DCFG_SUPPORT_WIFI_6G=0 -DCFG_SUPPORT_TWT=0 -DCFG_TWT_SMART_STA=0 -DCFG_DRIVER_INITIAL_RUNNING_MODE=3 -DCFG_SUPPORT_DUAL_STA=1 -DCFG_MTK_ANDROID_WMT=1 -DCFG_SUPPORT_CONNINFRA=0 -DCFG_ANDORID_CONNINFRA_COREDUMP_SUPPORT=0 -DCFG_SUPPORT_PRE_ON_PHY_ACTION=0 -I../drivers/misc/mediatek/connectivity/common/common_main/include -I../drivers/misc/mediatek/connectivity/common/common_main/linux/include -DWMT_IDC_SUPPORT=1 -DMTK_WCN_WMT_STP_EXP_SYMBOL_ABSTRACT -DCFG_SUPPORT_POWER_THROTTLING=0 -DCFG_MTK_ANDROID_EMI=1 -DCFG_WIFI_IP_SET=2 -DCFG_BUILT_IN_DRIVER=1 -DCFG_SUPPORT_CHNL_CONFLICT_REVISE=0 -DCFG_SUPPORT_AEE=0 -DBUILD_QA_DBG=0 -D_HIF_AXI=1 -DCFG_DOWNLOAD_DYN_MEMORY_MAP=0 -DCFG_SUPPORT_PASSPOINT=1 -DCFG_HS20_DEBUG=0 -DCFG_MET_PACKET_TRACE_SUPPORT=1 -DCFG_MET_TAG_SUPPORT=0 -DCFG_TC3_FEATURE=0 -DCFG_TC10_FEATURE=0 -DCONFIG_MTK_MD_SUPPORT=1 -DCFG_TC1_FEATURE=0 -DCFG_SUPPORT_NAN=0 -DDBG=0 -Idrivers/misc/mediatek/connectivity/wlan/core/gen4m/os -Idrivers/misc/mediatek/connectivity/wlan/core/gen4m/os/linux/include -Idrivers/misc/mediatek/connectivity/wlan/core/gen4m/include -Idrivers/misc/mediatek/connectivity/wlan/core/gen4m/include/nic -Idrivers/misc/mediatek/connectivity/wlan/core/gen4m/include/mgmt -Idrivers/misc/mediatek/connectivity/wlan/core/gen4m/include/chips -I../drivers/misc/mediatek/base/power/include/ -I../drivers/misc/mediatek/include/mt-plat/ -I../drivers/misc/mediatek/performance/include/ -I../drivers/misc/mediatek/emi/mt6785 -I../drivers/misc/mediatek/emi/submodule -I../drivers/misc/mediatek/pmic/include/ -I../drivers/misc/mediatek/power_throttling/ -I../drivers/misc/mediatek/connectivity/common -I../drivers/devfreq/ -I../net -I../drivers/misc/mediatek/connectivity/connfem/include/ -DCFG_MTK_MDDP_SUPPORT=0 -Idrivers/misc/mediatek/connectivity/wlan/core/gen4m/os/linux/hif/common/include -Idrivers/misc/mediatek/connectivity/wlan/core/gen4m/os/linux/hif/axi/include -DCONFIG_WLAN_DRV_BUILD_IN=1 -DCFG_SUPPORT_PKT_OFLD=0 -DOPLUS_FEATURE_CONN_POWER_MONITOR -DCONFIG_WLAN_SERVICE=1 -DCONFIG_TEST_ENGINE_OFFLOAD=1 -Idrivers/misc/mediatek/connectivity/wlan/core/gen4m/wlan_service/include -Idrivers/misc/mediatek/connectivity/wlan/core/gen4m/wlan_service/service/include -Idrivers/misc/mediatek/connectivity/wlan/core/gen4m/wlan_service/glue/osal/include -Idrivers/misc/mediatek/connectivity/wlan/core/gen4m/wlan_service/glue/hal/include}]
$MTK_WLAN_SERVICE is [{wlan_service/agent/agent.o wlan_service/service/service_test.o wlan_service/service/test_engine.o wlan_service/glue/osal/gen4m/sys_adaption_gen4m.o wlan_service/glue/osal/gen4m/net_adaption_gen4m.o wlan_service/glue/hal/gen4m/operation_gen4m.o}]
CONFIG_MTK_PLATFORM_CCCI := mt6785
CONFIG_MTK_PLATFORM_CCCI := "mt6785"
MTK_PLATFORM_CCCI := mt6785
  AS32    arch/arm64/kernel/vdso32/sigreturn.o
  LD32    arch/arm64/kernel/vdso32/vdso.so.raw
imgsensor drv by common ../common/v1_1/ov48b_mipi_raw/ ../common/v1_1/s5k3p9sp_mipi_raw/ ../common/v1_1/s5k3m5sx_mipi_raw/ ../common/v1_1/imx481_mipi_raw/ ../common/v1_1/imx519_mipi_raw/ ../common/v1_1/imx398_mipi_raw/ ../common/v1_1/imx350_mipi_raw/ ../common/v1_1/s5k2l7_mipi_raw/ ../common/v1_1/imx386_mipi_raw/ ../common/v1_1/imx386_mipi_mono/ ../common/v1_1/s5k2t7sp_mipi_raw/ ../common/v1_1/imx499_mipi_raw/ ../common/v1_1/s5k2lqsx_mipi_raw/ ../common/v1_1/s5k4h7_mipi_raw/ ../common/v1_1/s5kjn1_mipi_raw_21690/ ../common/v1_1/ov64b40_mipi_raw_21690/ ../common/v1_1/hi1634q_mipi_raw_21690/ ../common/v1_1/s5k3p9sp_mipi_raw_21690/ ../common/v1_1/gc02m1hlt_mipi_raw_21690/ ../common/v1_1/gc02m1shine_mipi_raw_21690/ ../common/v1_1/ov02b1b_mipi_mono_21690/ ../common/v1_1/gc02m1bsy_mipi_raw_21690/
imgsensor drv by platform imx586_mipi_raw/
imgsensor drv by platform 
imgsensor subdir-ccflags-y = -I../drivers/misc/mediatek/imgsensor/src/common/v1_1 -I../drivers/misc/mediatek/mmdvfs -I../drivers/i2c/busses/ -I../drivers/misc/mediatek/imgsensor/src/mt6781/camera_hw -I../drivers/misc/mediatek/imgsensor/src/common/v1_1/camera_hw -DSENINF_N3D_SUPPORT -I../drivers/misc/mediatek/imgsensor/src/mt6781/seninf/
  MUNGE   arch/arm64/kernel/vdso32/vdso.so.dbg
  VDSOSYM include/generated/vdso32-offsets.h
ION:enable mtk ion
  CC      init/main.o
  CHK     include/generated/compile.h
  CC      arch/arm64/kernel/debug-monitors.o
  CC      arch/arm64/mm/dma-mapping.o
  CC      init/do_mounts.o
  AS      arch/arm64/kernel/entry.o
  CC      arch/arm64/kernel/irq.o
  CC      arch/arm64/mm/extable.o
  CC      arch/arm64/mm/fault.o
  CC      arch/arm64/kernel/fpsimd.o
  CC      arch/arm64/net/bpf_jit_comp.o
  CC      init/do_mounts_rd.o
  CC      init/do_mounts_initrd.o
  AS      arch/arm64/kernel/entry-fpsimd.o
  CC      arch/arm64/mm/init.o
  AR      arch/arm64/net/built-in.a
  CC      arch/arm64/kernel/process.o
  CC      arch/arm64/crypto/sha2-ce-glue.o
  CC      init/initramfs.o
  AS      arch/arm64/crypto/sha2-ce-core.o
  CC      init/calibrate.o
  AS      arch/arm64/crypto/aes-ce-core.o
  CC      arch/arm64/crypto/aes-ce-glue.o
  CC      init/init_task.o
  CC      arch/arm64/kernel/ptrace.o
  AS      arch/arm64/mm/cache.o
  CC      arch/arm64/mm/copypage.o
  CC      arch/arm64/crypto/aes-glue-ce.o
  CC      init/version.o
  CC      arch/arm64/mm/flush.o
  AS      arch/arm64/crypto/aes-ce.o
  CC      arch/arm64/crypto/sha256-glue.o
  AR      init/built-in.a
  CC      arch/arm64/kernel/setup.o
  CC      kernel/fork.o
  CC      arch/arm64/mm/ioremap.o
  CC      arch/arm64/kernel/signal.o
  AS      arch/arm64/crypto/chacha-neon-core.o
  CC      arch/arm64/crypto/chacha-neon-glue.o
  CC      arch/arm64/mm/mmap.o
  CC      arch/arm64/mm/pgd.o
  CC      arch/arm64/kernel/sys.o
  CC      arch/arm64/crypto/poly1305-glue.o
  CC      arch/arm64/mm/mmu.o
  CC      kernel/exec_domain.o
  CC      arch/arm64/kernel/stacktrace.o
  AS      arch/arm64/crypto/aes-cipher-core.o
  CC      arch/arm64/crypto/aes-cipher-glue.o
  CC      kernel/panic.o
  CC      arch/arm64/kernel/time.o
  AR      arch/arm64/crypto/built-in.a
  CC      certs/system_keyring.o
  CC      arch/arm64/mm/context.o
  AS      arch/arm64/mm/proc.o
  AR      certs/built-in.a
  CC      arch/arm64/kernel/traps.o
  CC      arch/arm64/mm/pageattr.o
  CC      kernel/cpu.o
  CC      mm/filemap.o
  CC      arch/arm64/kernel/io.o
  AR      arch/arm64/mm/built-in.a
  CC      kernel/exit.o
  CC      arch/arm64/kernel/vdso.o
  AS      arch/arm64/kernel/hyp-stub.o
  CC      arch/arm64/kernel/psci.o
  CC      mm/mempool.o
  CC      fs/open.o
  CC      arch/arm64/kernel/cpu_ops.o
  CC      kernel/softirq.o
  CC      mm/oom_kill.o
  CC      arch/arm64/kernel/insn.o
  CC      fs/read_write.o
  CC      arch/arm64/kernel/return_address.o
  CC      kernel/resource.o
  CC      mm/fadvise.o
  CC      arch/arm64/kernel/cpuinfo.o
  CC      kernel/sysctl.o
  CC      fs/file_table.o
  CC      arch/arm64/kernel/cpu_errata.o
  CC      mm/maccess.o
  CC      arch/arm64/kernel/cpufeature.o
  CC      fs/super.o
  CC      mm/page_alloc.o
  CC      kernel/sysctl_binary.o
  CC      arch/arm64/kernel/alternative.o
  CC      fs/char_dev.o
  CC      arch/arm64/kernel/cacheinfo.o
  CC      kernel/capability.o
  CC      arch/arm64/kernel/smp.o
  CC      fs/stat.o
  CC      kernel/ptrace.o
  CC      mm/page-writeback.o
  CC      arch/arm64/kernel/smp_spin_table.o
  CC      fs/exec.o
  CC      arch/arm64/kernel/topology.o
  CC      kernel/user.o
  AS      arch/arm64/kernel/smccc-call.o
  CC      mm/readahead.o
  CC      arch/arm64/kernel/syscall.o
  CC      kernel/signal.o
  CC      arch/arm64/kernel/sys32.o
  CC      fs/pipe.o
../kernel/signal.c:1057:9: warning: mixing declarations and code is a C99 extension [-Wdeclaration-after-statement]
                        bool is_key = is_key_process(t);
                             ^
  CC      arch/arm64/kernel/signal32.o
  CC      mm/swap.o
1 warning generated.
  CC      arch/arm64/kernel/sys_compat.o
  CC      fs/namei.o
  CC      kernel/sys.o
  CC      arch/arm64/kernel/arm64ksyms.o
  CC      mm/truncate.o
  CC      arch/arm64/kernel/module.o
  CC      mm/vmscan.o
  CC      arch/arm64/kernel/module-plts.o
  CC      fs/fcntl.o
  CC      kernel/umh.o
  CC      arch/arm64/kernel/perf_regs.o
  CC      arch/arm64/kernel/perf_callchain.o
  CC      fs/ioctl.o
  CC      kernel/workqueue.o
  CC      arch/arm64/kernel/perf_event.o
  CC      arch/arm64/kernel/hw_breakpoint.o
  CC      mm/shmem.o
  CC      fs/readdir.o
  AS      arch/arm64/kernel/sleep.o
  CC      arch/arm64/kernel/suspend.o
  CC      fs/select.o
  CC      kernel/pid.o
  CC      arch/arm64/kernel/cpuidle.o
  CC      mm/util.o
  CC      arch/arm64/kernel/armv8_deprecated.o
  CC      kernel/task_work.o
  CC      arch/arm64/kernel/kaslr.o
  CC      kernel/extable.o
  CC      fs/dcache.o
  CC      mm/mmzone.o
  CC      arch/arm64/kernel/ssbd.o
  CC      kernel/params.o
  CC      arch/arm64/kernel/probes/uprobes.o
  CC      mm/vmstat.o
  CC      arch/arm64/kernel/probes/decode-insn.o
  CC      kernel/kthread.o
  CC      fs/inode.o
  CC      arch/arm64/kernel/probes/simulate-insn.o
  AR      arch/arm64/kernel/probes/built-in.a
  CC      mm/backing-dev.o
  CC      kernel/nsproxy.o
  OBJCOPY arch/arm64/kernel/vdso32/vdso.so
  AS      arch/arm64/kernel/vdso32/vdso.o
  AR      arch/arm64/kernel/vdso32/built-in.a
  CC      fs/attr.o
  AS      arch/arm64/kernel/head.o
  AR      arch/arm64/kernel/built-in.a
  CC      mm/mm_init.o
  CC      kernel/notifier.o
  CC      fs/bad_inode.o
  CC      kernel/ksysfs.o
  CC      mm/mmu_context.o
  CC      kernel/cred.o
  CC      fs/file.o
  CC      mm/percpu.o
  CC      security/bpf/hooks.o
  CC      kernel/reboot.o
  AR      security/bpf/built-in.a
  CC      security/integrity/iint.o
  CC      fs/filesystems.o
  CC      security/integrity/integrity_audit.o
  CC      kernel/async.o
  AR      security/integrity/built-in.a
  CC      security/keys/gc.o
  CC      mm/slab_common.o
  CC      fs/namespace.o
  CC      kernel/smpboot.o
  CC      security/keys/key.o
  CC      kernel/ucount.o
  CC      kernel/usermode_driver.o
  CC      security/keys/keyring.o
  CC      mm/compaction.o
  CC      fs/seq_file.o
  CC      kernel/kmod.o
  CC      security/keys/keyctl.o
  CC      fs/xattr.o
  CC      security/keys/permission.o
  CC      mm/vmacache.o
  CC      kernel/groups.o
  CC      mm/interval_tree.o
  CC      security/keys/process_keys.o
  CC      fs/libfs.o
  CC      mm/list_lru.o
  CC      security/keys/request_key.o
  CC      kernel/bpf/core.o
  CC      fs/fs-writeback.o
  CC      security/keys/request_key_auth.o
  CC      mm/workingset.o
  CC      security/keys/user_defined.o
  CC      mm/debug.o
  CC      kernel/bpf/syscall.o
  CC      security/keys/compat.o
  CC      security/keys/proc.o
  CC      mm/gup.o
  CC      fs/pnode.o
  CC      security/keys/sysctl.o
  CC      fs/splice.o
  AR      security/keys/built-in.a
  CC      security/selinux/avc.o
  CC      mm/highmem.o
  CC      kernel/bpf/verifier.o
  CC      security/selinux/hooks.o
  CC      mm/memory.o
  CC      fs/sync.o
  CC      fs/utimes.o
  CC      fs/d_path.o
  CC      security/selinux/selinuxfs.o
  CC      mm/mincore.o
  CC      mm/mlock.o
  CC      fs/stack.o
  CC      security/selinux/netlink.o
  CC      fs/fs_struct.o
  CC      security/selinux/nlmsgtab.o
  CC      fs/statfs.o
  CC      mm/mmap.o
  CC      kernel/bpf/inode.o
  CC      security/selinux/netif.o
  CC      fs/fs_pin.o
  CC      fs/nsfs.o
  CC      kernel/bpf/helpers.o
  CC      security/selinux/netnode.o
  CC      mm/mmu_gather.o
  CC      fs/fs_context.o
  CC      kernel/bpf/bpf_iter.o
  CC      security/selinux/netport.o
  CC      mm/mprotect.o
  CC      fs/fs_parser.o
  CC      kernel/bpf/map_iter.o
  CC      mm/mremap.o
  CC      security/selinux/ibpkey.o
  CC      kernel/bpf/task_iter.o
  CC      fs/buffer.o
  CC      mm/msync.o
  CC      security/selinux/ss/ebitmap.o
  CC      kernel/bpf/prog_iter.o
  CC      mm/page_vma_mapped.o
  CC      security/selinux/ss/hashtab.o
  CC      kernel/bpf/hashtab.o
  CC      mm/pagewalk.o
  CC      security/selinux/ss/sidtab.o
  CC      fs/block_dev.o
  CC      mm/pgtable-generic.o
  CC      mm/rmap.o
  CC      kernel/bpf/arraymap.o
  CC      security/selinux/ss/avtab.o
  CC      fs/direct-io.o
  CC      security/selinux/ss/policydb.o
  CC      kernel/bpf/percpu_freelist.o
  CC      kernel/bpf/bpf_lru_list.o
  CC      mm/vmalloc.o
  CC      kernel/bpf/lpm_trie.o
  CC      security/selinux/ss/services.o
  CC      fs/mpage.o
  CC      kernel/bpf/map_in_map.o
  CC      mm/process_vm_access.o
  CC      kernel/bpf/local_storage.o
  CC      mm/init-mm.o
  CC      security/selinux/ss/conditional.o
  CC      fs/proc_namespace.o
  CC      mm/nobootmem.o
  CC      kernel/bpf/queue_stack_maps.o
  CC      fs/configfs/inode.o
  CC      kernel/bpf/ringbuf.o
  CC      mm/madvise.o
  CC      security/selinux/ss/mls.o
  CC      fs/configfs/file.o
  CC      kernel/bpf/bpf_inode_storage.o
  CC      fs/configfs/dir.o
  CC      mm/memblock.o
  CC      security/selinux/ss/status.o
  CC      kernel/bpf/disasm.o
  CC      fs/configfs/symlink.o
  AR      security/selinux/built-in.a
  CC      security/commoncap.o
  CC      kernel/bpf/trampoline.o
  CC      mm/page_io.o
  CC      fs/configfs/mount.o
  CC      mm/swap_state.o
  CC      security/min_addr.o
  CC      fs/configfs/item.o
  CC      kernel/bpf/btf.o
  AR      fs/configfs/built-in.a
  CC      fs/crypto/crypto.o
  CC      security/security.o
  CC      mm/swapfile.o
  CC      fs/crypto/fname.o
  CC      kernel/bpf/dispatcher.o
  CC      fs/crypto/hkdf.o
  CC      mm/swap_slots.o
  CC      security/lsm_audit.o
  CC      kernel/bpf/devmap.o
  CC      fs/crypto/hooks.o
  CC      mm/dmapool.o
  AR      security/built-in.a
  CC      fs/devpts/inode.o
  CC      kernel/bpf/cpumap.o
  CC      fs/crypto/keyring.o
  CC      mm/sparse.o
  AR      fs/devpts/built-in.a
  CC      fs/erofs/super.o
  CC      fs/crypto/keysetup.o
  CC      kernel/bpf/bpf_local_storage.o
  CC      mm/sparse-vmemmap.o
  CC      fs/erofs/inode.o
  CC      mm/slub.o
  CC      fs/crypto/keysetup_v1.o
  CC      kernel/bpf/offload.o
  CC      fs/erofs/data.o
  CC      fs/crypto/policy.o
  CC      fs/erofs/namei.o
  CC      fs/erofs/dir.o
  CC      fs/crypto/bio.o
  CC      kernel/bpf/net_namespace.o
  CC      fs/erofs/utils.o
  CC      mm/migrate.o
  CC      fs/crypto/inline_crypt.o
  CC      kernel/bpf/stackmap.o
  CC      fs/erofs/pcpubuf.o
  CC      fs/erofs/xattr.o
  AR      fs/crypto/built-in.a
  CC      kernel/bpf/cgroup.o
  CC      mm/page_counter.o
  CC      fs/exfat/exfat_core.o
  CC      mm/memcontrol.o
  CC      fs/erofs/decompressor.o
  CC      fs/erofs/zmap.o
  CC      fs/erofs/zdata.o
  CC      fs/exfat/exfat_super.o
  CC      kernel/bpf/reuseport_array.o
  CC      kernel/bpf/bpf_struct_ops.o
  AR      fs/erofs/built-in.a
  CC      fs/exfat/exfat_api.o
  CC      fs/exportfs/expfs.o
  CC      mm/vmpressure.o
  AR      fs/exportfs/built-in.a
  CC      kernel/cgroup/cgroup.o
  CC      kernel/bpf/bpf_lsm.o
  CC      fs/exfat/exfat_blkdev.o
  CC      mm/swap_cgroup.o
  CC      fs/exfat/exfat_cache.o
  AR      kernel/bpf/built-in.a
  CC      mm/page_isolation.o
  CC      crypto/api.o
  CC      fs/exfat/exfat_data.o
  CC      mm/zsmalloc.o
  CC      fs/exfat/exfat_nls.o
  CC      crypto/cipher.o
  CC      fs/exfat/exfat_oal.o
  CC      mm/early_ioremap.o
  CC      kernel/cgroup/rstat.o
  CC      crypto/compress.o
  CC      fs/exfat/exfat_upcase.o
  CC      mm/cma.o
  AR      fs/exfat/built-in.a
  CC      fs/ext4/balloc.o
  CC      crypto/crypto_wq.o
  CC      kernel/cgroup/namespace.o
  CC      mm/userfaultfd.o
  CC      kernel/cgroup/cgroup-v1.o
  CC      crypto/algapi.o
  CC      fs/ext4/bitmap.o
  CC      mm/frame_vector.o
  CC      fs/ext4/block_validity.o
  CC      kernel/cgroup/freezer.o
  CC      crypto/scatterwalk.o
  CC      mm/usercopy.o
  CC      fs/ext4/dir.o
  CC      kernel/cgroup/legacy_freezer.o
  CC      mm/memfd.o
  CC      fs/ext4/ext4_jbd2.o
  CC      crypto/proc.o
  CC      kernel/cgroup/cpuset.o
  CC      mm/task_mem/tasks_memory.o
  CC      crypto/aead.o
  CC      fs/ext4/extents.o
  AR      mm/task_mem/built-in.a
  CC      mm/async_shrink_slabd.o
  AR      kernel/cgroup/built-in.a
  CC      kernel/dma/mapping.o
  CC      crypto/ablkcipher.o
  AR      mm/built-in.a
  CC      block/bio.o
  CC      kernel/dma/contiguous.o
  CC      crypto/blkcipher.o
  CC      fs/ext4/extents_status.o
  CC      kernel/dma/coherent.o
  CC      block/elevator.o
  CC      crypto/skcipher.o
  CC      fs/ext4/file.o
  CC      kernel/dma/removed.o
  CC      fs/ext4/fsmap.o
  CC      kernel/dma/direct.o
  CC      block/blk-core.o
  CC      crypto/seqiv.o
  CC      fs/ext4/fsync.o
  CC      kernel/dma/swiotlb.o
  CC      crypto/echainiv.o
  CC      crypto/ahash.o
  CC      fs/ext4/hash.o
  AR      kernel/dma/built-in.a
  CC      kernel/events/core.o
  CC      block/blk-tag.o
  CC      fs/ext4/ialloc.o
  CC      crypto/shash.o
  CC      block/blk-sysfs.o
  CC      fs/ext4/indirect.o
  CC      crypto/akcipher.o
  CC      block/blk-flush.o
  CC      crypto/kpp.o
  CC      fs/ext4/inline.o
  CC      block/blk-settings.o
  CC      crypto/rsa.o
  CC      kernel/events/ring_buffer.o
  CC      fs/ext4/inode.o
  CC      crypto/rsa-pkcs1pad.o
  CC      block/blk-ioc.o
  CC      kernel/events/callchain.o
  CC      crypto/acompress.o
  CC      block/blk-map.o
  CC      kernel/events/hw_breakpoint.o
  CC      crypto/scompress.o
  CC      block/blk-exec.o
  CC      fs/ext4/ioctl.o
  CC      kernel/events/uprobes.o
  CC      crypto/algboss.o
  CC      block/blk-merge.o
  CC      crypto/testmgr.o
  CC      fs/ext4/mballoc.o
  AR      kernel/events/built-in.a
  CC      kernel/irq/irqdesc.o
  CC      block/blk-softirq.o
  CC      crypto/crypto_user.o
  CC      kernel/irq/handle.o
  CC      crypto/cmac.o
  CC      block/blk-timeout.o
  CC      kernel/irq/manage.o
  CC      crypto/hmac.o
  CC      fs/ext4/migrate.o
  CC      block/blk-lib.o
  CC      crypto/xcbc.o
  CC      kernel/irq/spurious.o
  CC      fs/ext4/mmp.o
  CC      kernel/irq/resend.o
  CC      crypto/crypto_null.o
  CC      block/blk-mq.o
  CC      kernel/irq/chip.o
  CC      fs/ext4/move_extent.o
  CC      crypto/md5.o
  CC      fs/ext4/namei.o
  CC      kernel/irq/dummychip.o
  CC      crypto/sha1_generic.o
  CC      kernel/irq/devres.o
  CC      block/blk-mq-tag.o
  CC      kernel/irq/autoprobe.o
  CC      crypto/sha256_generic.o
  CC      fs/ext4/page-io.o
  CC      block/blk-stat.o
  CC      kernel/irq/irqdomain.o
  CC      crypto/sha512_generic.o
  CC      fs/ext4/readpage.o
  CC      block/blk-mq-sysfs.o
  CC      kernel/irq/proc.o
  CC      crypto/gf128mul.o
  CC      fs/ext4/resize.o
  CC      kernel/irq/cpuhotplug.o
  CC      block/blk-mq-cpumap.o
  CC      kernel/irq/pm.o
  CC      crypto/ecb.o
  CC      crypto/cbc.o
  CC      fs/ext4/super.o
  CC      block/blk-mq-sched.o
  CC      kernel/irq/msi.o
  CC      crypto/cts.o
  CC      kernel/irq/affinity.o
  CC      crypto/xts.o
  AR      kernel/irq/built-in.a
  CC      block/ioctl.o
  CC      kernel/locking/mutex.o
  CC      crypto/ctr.o
  CC      kernel/locking/semaphore.o
  CC      crypto/gcm.o
  CC      block/genhd.o
  CC      kernel/locking/rwsem.o
  CC      crypto/ccm.o
  CC      kernel/locking/percpu-rwsem.o
  CC      fs/ext4/symlink.o
  CC      block/partition-generic.o
  CC      crypto/chacha20poly1305.o
  CC      kernel/locking/spinlock.o
  CC      fs/ext4/sysfs.o
  CC      kernel/locking/osq_lock.o
  CC      block/ioprio.o
  CC      crypto/cryptd.o
  CC      fs/ext4/xattr.o
  CC      kernel/locking/qspinlock.o
  CC      kernel/locking/rtmutex.o
  CC      block/badblocks.o
  CC      crypto/des_generic.o
  CC      kernel/locking/rwsem-xadd.o
  CC      fs/ext4/xattr_trusted.o
  CC      kernel/locking/qrwlock.o
  CC      block/partitions/check.o
  CC      crypto/blowfish_generic.o
  AR      kernel/locking/built-in.a
  CC      kernel/power/qos.o
  CC      fs/ext4/xattr_user.o
  CC      block/partitions/msdos.o
  CC      crypto/blowfish_common.o
  CC      fs/ext4/acl.o
  CC      block/partitions/efi.o
  CC      kernel/power/main.o
  CC      crypto/twofish_generic.o
  CC      fs/ext4/xattr_security.o
  AR      block/partitions/built-in.a
  CC      block/blk-rq-qos.o
  CC      crypto/twofish_common.o
  CC      fs/ext4/verity.o
  CC      block/scsi_ioctl.o
  CC      kernel/power/process.o
  CC      crypto/aes_generic.o
  AR      fs/ext4/built-in.a
  CC      fs/f2fs/dir.o
  CC      kernel/power/suspend.o
  CC      block/blk-cgroup.o
  CC      crypto/arc4.o
  CC      fs/f2fs/file.o
  CC      crypto/chacha_generic.o
  CC      kernel/power/wakelock.o
  CC      crypto/poly1305_generic.o
  CC      block/noop-iosched.o
  CC      kernel/power/poweroff.o
  CC      crypto/deflate.o
  CC      kernel/power/energy_model.o
  CC      block/deadline-iosched.o
  CC      crypto/crc32c_generic.o
  CC      block/cfq-iosched.o
  CC      kernel/power/wakeup_reason.o
  CC      crypto/crc32_generic.o
  CC      fs/f2fs/inode.o
  CC      crypto/authenc.o
  AR      kernel/power/built-in.a
  CC      kernel/printk/printk.o
  CC      block/mq-deadline.o
  CC      fs/f2fs/namei.o
  CC      crypto/authencesn.o
  CC      block/kyber-iosched.o
  CC      fs/f2fs/hash.o
  CC      crypto/lzo.o
  CC      block/ssg-iosched.o
  CC      kernel/printk/printk_safe.o
  CC      fs/f2fs/super.o
  AR      kernel/printk/built-in.a
  CC      kernel/rcu/update.o
  CC      crypto/lz4.o
  CC      block/ssg-cgroup.o
  CC      crypto/rng.o
  CC      kernel/rcu/sync.o
  CC      block/compat_ioctl.o
  CC      crypto/drbg.o
  CC      kernel/rcu/srcutree.o
  CC      block/blk-mq-virtio.o
  CC      crypto/jitterentropy-kcapi.o
  CC      kernel/rcu/tree.o
  CC      fs/f2fs/inline.o
  CC      crypto/ghash-generic.o
  CC      block/keyslot-manager.o
  CC      crypto/zstd.o
  CC      fs/f2fs/checkpoint.o
  CC      block/bio-crypt-ctx.o
  CC      crypto/asymmetric_keys/asymmetric_type.o
  CC      kernel/rcu/rcu_segcblist.o
  CC      block/blk-crypto.o
  CC      crypto/asymmetric_keys/restrict.o
  AR      kernel/rcu/built-in.a
  CC      fs/f2fs/gc.o
  CC      crypto/asymmetric_keys/signature.o
  CC      kernel/sched/core.o
  CC      block/blk-crypto-fallback.o
  CC      crypto/asymmetric_keys/public_key.o
  AR      block/built-in.a
  CC      kernel/sched/loadavg.o
  CC      crypto/asymmetric_keys/x509_cert_parser.o
  CC      fs/f2fs/data.o
  CC      crypto/asymmetric_keys/x509_public_key.o
  CC      crypto/asymmetric_keys/pkcs7_parser.o
  CC      fs/fat/cache.o
  CC      crypto/asymmetric_keys/pkcs7_trust.o
  CC      fs/fat/dir.o
  CC      fs/f2fs/node.o
  CC      crypto/asymmetric_keys/pkcs7_verify.o
  CC      kernel/sched/clock.o
  AR      crypto/asymmetric_keys/built-in.a
  CC      crypto/simd.o
  CC      fs/fat/fatent.o
  AR      crypto/built-in.a
  CC      fs/f2fs/segment.o
  CC      kernel/sched/cputime.o
  CC      fs/fuse/dev.o
  CC      fs/fat/file.o
  CC      fs/fat/inode.o
  CC      kernel/sched/idle.o
  CC      fs/fuse/dir.o
  CC      fs/f2fs/recovery.o
  CC      fs/fat/misc.o
  CC      kernel/sched/fair.o
  CC      fs/fuse/file.o
  CC      fs/f2fs/shrinker.o
  CC      fs/fat/nfs.o
  CC      fs/f2fs/extent_cache.o
  CC      fs/fat/namei_vfat.o
  CC      fs/f2fs/sysfs.o
  CC      fs/fuse/inode.o
  CC      fs/fat/namei_msdos.o
  AR      fs/fat/built-in.a
  CC      kernel/sched/rt.o
  CC      kernel/time/time.o
  CC      fs/f2fs/debug.o
  CC      fs/fuse/control.o
  CC      fs/f2fs/xattr.o
  CC      fs/fuse/xattr.o
  CC      kernel/time/timer.o
  CC      kernel/sched/deadline.o
  CC      fs/f2fs/acl.o
  CC      fs/fuse/acl.o
  CC      fs/f2fs/verity.o
  CC      kernel/sched/wait.o
  CC      fs/fuse/readdir.o
  CC      kernel/time/hrtimer.o
  AR      fs/f2fs/built-in.a
  CC      fs/incfs/data_mgmt.o
  CC      fs/fuse/passthrough.o
  CC      kernel/sched/wait_bit.o
  CC      fs/incfs/format.o
  AR      fs/fuse/built-in.a
  CC      kernel/time/timekeeping.o
  CC      fs/isofs/namei.o
  CC      fs/incfs/integrity.o
  CC      fs/isofs/inode.o
  CC      fs/incfs/main.o
  CC      kernel/time/ntp.o
  CC      fs/incfs/pseudo_files.o
  CC      kernel/sched/swait.o
  CC      fs/isofs/dir.o
  CC      kernel/time/clocksource.o
  CC      fs/isofs/util.o
  CC      fs/incfs/sysfs.o
  CC      fs/isofs/rock.o
  CC      kernel/time/jiffies.o
  CC      fs/incfs/vfs.o
  CC      kernel/sched/completion.o
  CC      fs/isofs/export.o
  CC      kernel/time/timer_list.o
  CC      fs/incfs/verity.o
  CC      fs/isofs/joliet.o
  CC      kernel/time/timeconv.o
  CC      fs/isofs/compress.o
  AR      fs/incfs/built-in.a
  CC      drivers/amba/bus.o
  CC      kernel/sched/stubs.o
  CC      kernel/time/alarmtimer.o
  AR      fs/isofs/built-in.a
  CC      fs/jbd2/transaction.o
  AR      drivers/amba/built-in.a
  CC      drivers/android/binderfs.o
  CC      kernel/time/posix-timers.o
  CC      kernel/sched/cpupri.o
  CC      drivers/android/binder.o
  CC      kernel/time/posix-cpu-timers.o
  CC      fs/jbd2/commit.o
  CC      kernel/sched/cpudeadline.o
  CC      kernel/time/posix-clock.o
  CC      fs/jbd2/recovery.o
  CC      kernel/sched/topology.o
  CC      fs/jbd2/checkpoint.o
  CC      kernel/time/itimer.o
  CC      drivers/android/binder_alloc.o
  CC      kernel/sched/stop_task.o
  CC      fs/jbd2/revoke.o
  CC      kernel/time/clockevents.o
  CC      drivers/android/vendor_hooks.o
  CC      fs/jbd2/journal.o
  CC      kernel/sched/pelt.o
  CC      kernel/time/tick-common.o
  AR      drivers/android/built-in.a
  CC      drivers/base/component.o
  CC      kernel/sched/cpuacct.o
  CC      kernel/time/tick-broadcast.o
  CC      drivers/base/core.o
  CC      kernel/sched/cpufreq.o
  CC      kernel/time/tick-broadcast-hrtimer.o
  AR      fs/jbd2/built-in.a
  CC      fs/kernfs/mount.o
  CC      kernel/time/sched_clock.o
  CC      fs/kernfs/inode.o
  CC      kernel/time/tick-oneshot.o
  CC      kernel/time/tick-sched.o
  CC      kernel/sched/cpufreq_schedutil.o
  CC      fs/kernfs/dir.o
  CC      drivers/base/bus.o
  CC      drivers/base/dd.o
  CC      kernel/time/vsyscall.o
  CC      fs/kernfs/file.o
  AR      kernel/time/built-in.a
  CC      drivers/block/brd.o
  CC      kernel/sched/membarrier.o
  CC      drivers/base/syscore.o
  CC      fs/kernfs/symlink.o
  CC      drivers/block/loop.o
  AR      fs/kernfs/built-in.a
  CC      kernel/sched/isolation.o
  CC      fs/nls/nls_base.o
  CC      drivers/base/driver.o
  CC      fs/nls/nls_cp437.o
  CC      fs/nls/nls_cp950.o
  CC      drivers/base/class.o
  CC      drivers/block/zram/zcomp.o
  CC      fs/nls/nls_ascii.o
  CC      kernel/sched/psi.o
  CC      drivers/block/zram/zram_drv.o
  CC      fs/nls/nls_iso8859-1.o
  CC      drivers/base/platform.o
  CC      fs/nls/nls_utf8.o
  AR      fs/nls/built-in.a
  CC      fs/notify/fsnotify.o
  AR      drivers/block/zram/built-in.a
  AR      drivers/block/built-in.a
  CC      sound/sound_core.o
  CC      kernel/sched/extension/eas_plus.o
  CC      drivers/base/cpu.o
  CC      fs/notify/notification.o
  CC      sound/core/sound.o
  CC      drivers/base/firmware.o
  CC      fs/notify/group.o
  CC      sound/core/init.o
  CC      drivers/base/init.o
  CC      kernel/sched/extension/debug.o
  CC      fs/notify/mark.o
  CC      drivers/base/map.o
  CC      sound/core/memory.o
  CC      drivers/base/devres.o
  CC      kernel/sched/extension/tuning.o
  CC      fs/notify/fdinfo.o
  CC      sound/core/control.o
  CC      fs/notify/dnotify/dnotify.o
  CC      drivers/base/attribute_container.o
  AR      fs/notify/dnotify/built-in.a
  CC      fs/notify/inotify/inotify_fsnotify.o
  CC      drivers/base/transport_class.o
  CC      fs/notify/inotify/inotify_user.o
  CC      sound/core/misc.o
  AR      kernel/sched/extension/built-in.a
  AR      kernel/sched/built-in.a
  CC      drivers/base/topology.o
  CC      kernel/trace/trace_clock.o
  AR      fs/notify/inotify/built-in.a
  CC      drivers/base/container.o
  AR      fs/notify/built-in.a
  CC      sound/core/device.o
  CC      fs/overlayfs/super.o
  CC      kernel/trace/ring_buffer.o
  CC      drivers/base/property.o
  CC      sound/core/info.o
  CC      fs/overlayfs/namei.o
  CC      fs/overlayfs/util.o
  CC      sound/core/ctljack.o
  CC      sound/core/jack.o
  CC      fs/overlayfs/inode.o
  CC      kernel/trace/trace.o
  CC      drivers/base/cacheinfo.o
  CC      fs/overlayfs/file.o
  CC      sound/core/hwdep.o
  CC      drivers/base/devcon.o
  CC      fs/overlayfs/dir.o
  CC      drivers/base/firmware_loader/fallback_table.o
  CC      sound/core/timer.o
  CC      fs/overlayfs/readdir.o
  CC      drivers/base/firmware_loader/main.o
  CC      fs/overlayfs/copy_up.o
  CC      kernel/trace/trace_output.o
  CC      sound/core/pcm.o
  CC      fs/overlayfs/export.o
  CC      drivers/base/firmware_loader/fallback.o
  AR      fs/overlayfs/built-in.a
  AR      drivers/base/firmware_loader/built-in.a
  CC      drivers/base/kernelFwUpdate/kernelFwUpdate.o
  CC      sound/core/pcm_native.o
  CC      fs/proc/task_mmu.o
  CC      kernel/trace/trace_seq.o
  AR      drivers/base/kernelFwUpdate/built-in.a
  CC      drivers/base/power/sysfs.o
  CC      kernel/trace/trace_stat.o
  CC      fs/proc/inode.o
  CC      drivers/base/power/generic_ops.o
  CC      fs/proc/root.o
  CC      kernel/trace/trace_printk.o
  CC      sound/core/pcm_lib.o
  CC      drivers/base/power/common.o
  CC      fs/proc/base.o
  CC      drivers/base/power/qos.o
  CC      kernel/trace/trace_sched_switch.o
  CC      sound/core/pcm_misc.o
  CC      fs/proc/generic.o
  CC      kernel/trace/trace_nop.o
  CC      drivers/base/power/runtime.o
  CC      sound/core/pcm_memory.o
  CC      kernel/trace/blktrace.o
  CC      fs/proc/array.o
  CC      drivers/base/power/wakeirq.o
  CC      sound/core/memalloc.o
  CC      fs/proc/fd.o
  CC      kernel/trace/trace_events.o
  CC      drivers/base/power/main.o
  CC      fs/proc/proc_tty.o
  CC      sound/core/pcm_timer.o
  CC      fs/proc/cmdline.o
  CC      sound/core/rawmidi.o
  CC      fs/proc/consoles.o
  CC      fs/proc/cpuinfo.o
  CC      drivers/base/power/wakeup.o
  CC      kernel/trace/trace_export.o
  CC      fs/proc/devices.o
  CC      sound/core/compress_offload.o
  CC      fs/proc/interrupts.o
  CC      kernel/trace/trace_event_perf.o
  CC      fs/proc/loadavg.o
  CC      drivers/base/power/wakeup_stats.o
  CC      fs/proc/meminfo.o
  AR      sound/core/built-in.a
  CC      drivers/base/power/domain.o
  CC      kernel/trace/trace_events_filter.o
  CC      fs/proc/stat.o
  CC      fs/proc/uptime.o
  CC      sound/soc/soc-core.o
  CC      fs/proc/util.o
  CC      fs/proc/version.o
  CC      drivers/base/power/domain_governor.o
  CC      kernel/trace/trace_events_trigger.o
  CC      drivers/base/power/clock_ops.o
  CC      fs/proc/softirqs.o
  CC      fs/proc/namespaces.o
  AR      drivers/base/power/built-in.a
  CC      drivers/base/regmap/regmap.o
  CC      kernel/trace/bpf_trace.o
  CC      fs/proc/self.o
  CC      sound/soc/soc-dapm.o
  CC      fs/proc/thread_self.o
  CC      fs/proc/proc_sysctl.o
  CC      drivers/base/regmap/regcache.o
  CC      kernel/trace/power-traces.o
  CC      sound/soc/soc-jack.o
  CC      fs/proc/proc_net.o
  CC      drivers/base/regmap/regcache-rbtree.o
  CC      drivers/base/regmap/regcache-flat.o
  CC      kernel/trace/rpm-traces.o
  CC      fs/proc/kmsg.o
  CC      sound/soc/soc-utils.o
  CC      drivers/base/regmap/regmap-i2c.o
  CC      fs/proc/page.o
  CC      drivers/base/regmap/regmap-spi.o
  CC      kernel/trace/trace_probe.o
  CC      sound/soc/soc-pcm.o
  CC      fs/proc/healthinfo/fg_uid/fg_uid.o
  CC      drivers/base/regmap/regmap-mmio.o
  AR      fs/proc/healthinfo/fg_uid/built-in.a
  AR      fs/proc/healthinfo/built-in.a
  AR      fs/proc/built-in.a
  CC      fs/pstore/inode.o
  CC      kernel/trace/trace_uprobe.o
  CC      fs/pstore/platform.o
  AR      drivers/base/regmap/built-in.a
  CC      drivers/base/module.o
  CC      kernel/trace/mtk_trace.o
  CC      sound/soc/soc-io.o
  CC      drivers/base/soc.o
  CC      fs/pstore/pmsg.o
  CC      drivers/base/pinctrl.o
  AR      kernel/trace/built-in.a
  CC      kernel/freezer.o
  CC      fs/pstore/ram.o
  CC      drivers/base/platform-msi.o
  CC      sound/soc/soc-devres.o
  CC      fs/pstore/ram_core.o
  CC      kernel/profile.o
  CC      drivers/base/arch_topology.o
  AR      fs/pstore/built-in.a
  CC      sound/soc/soc-ops.o
  CC      fs/quota/dquot.o
  AR      drivers/base/built-in.a
  CC      drivers/char/mem.o
  CC      kernel/stacktrace.o
  CC      sound/soc/soc-compress.o
  CC      drivers/char/random.o
  CC      fs/quota/quota_v2.o
  CC      kernel/futex.o
  CC      fs/quota/quota_tree.o
  CC      sound/soc/codecs/richtek_spm_cls.o
  CC      drivers/char/misc.o
  CC      fs/quota/quota.o
  CC      kernel/smp.o
  CC      sound/soc/codecs/mt6358.o
  CC      drivers/char/hw_random/core.o
  CC      kernel/uid16.o
  CC      fs/quota/kqid.o
  CC      drivers/char/hw_random/mtk-rng.o
  CC      fs/quota/netlink.o
  CC      kernel/module.o
  CC      sound/soc/codecs/mt6660.o
  CC      drivers/char/hw_random/mt67xx-rng.o
  AR      drivers/char/hw_random/built-in.a
../drivers/tee/gud/Makefile.include:2: "CONFIG_MTK_PLATFORM: "mt6785""
../drivers/tee/gud/Makefile.include:3: "CONFIG_TRUSTONIC_TEE_VERSION: "500""
  CC      drivers/char/rpmb/rpmb-mtk.o
  AR      fs/quota/built-in.a
  CC      fs/ramfs/inode.o
  CC      sound/soc/codecs/audio/aw87339/aw87339.o
  CC      fs/ramfs/file-mmu.o
  CC      kernel/kallsyms.o
  AR      fs/ramfs/built-in.a
  CC      fs/sdcardfs/dentry.o
  CC      drivers/char/rpmb/core.o
  AR      sound/soc/codecs/audio/aw87339/built-in.a
  CC      sound/soc/codecs/audio/driver/audio_extend_drv.o
  CC      fs/sdcardfs/file.o
  AR      drivers/char/rpmb/built-in.a
  AR      drivers/char/built-in.a
  CC      drivers/clk/clk-devres.o
  CC      fs/sdcardfs/inode.o
  AR      sound/soc/codecs/audio/driver/built-in.a
  CC      kernel/compat.o
  CC      sound/soc/codecs/audio/tfa98xx/tfa98xx.o
  CC      drivers/clk/clk-bulk.o
  CC      fs/sdcardfs/main.o
  CC      drivers/clk/clkdev.o
  CC      fs/sdcardfs/super.o
  CC      drivers/clk/clk.o
  CC      kernel/utsname.o
  CC      sound/soc/codecs/audio/tfa98xx/tfa_container.o
  CC      kernel/pid_namespace.o
  CC      fs/sdcardfs/lookup.o
  CC      fs/sdcardfs/mmap.o
  CC      sound/soc/codecs/audio/tfa98xx/tfa_dsp.o
  CC      kernel/stop_machine.o
  CC      fs/sdcardfs/packagelist.o
  CC      sound/soc/codecs/audio/tfa98xx/tfa_init.o
  CC      kernel/audit.o
  CC      drivers/clk/clk-divider.o
  AR      sound/soc/codecs/audio/tfa98xx/built-in.a
  AR      sound/soc/codecs/audio/built-in.a
  CC [M]  sound/soc/codecs/mt6357-accdet.o
  CC      drivers/clk/clk-fixed-factor.o
  CC      fs/sdcardfs/derived_perm.o
  CC      drivers/clk/clk-fixed-rate.o
  AR      fs/sdcardfs/built-in.a
  CC [M]  sound/soc/codecs/mt6359-accdet.o
  CC      fs/sysfs/file.o
  CC      kernel/auditfilter.o
  CC      drivers/clk/clk-gate.o
  CC      fs/sysfs/dir.o
  AR      sound/soc/codecs/built-in.a
  CC      drivers/clk/clk-multiplier.o
  CC      fs/sysfs/symlink.o
  CC      kernel/auditsc.o
  CC      sound/soc/mediatek/audio_dsp/v2/../mt6781/dsp-platform-mem-control.o
  CC      drivers/clk/clk-mux.o
  CC      fs/sysfs/mount.o
  AR      sound/soc/mediatek/audio_dsp/v2/../mt6781/built-in.a
  CC      sound/soc/mediatek/audio_dsp/v2/audio_buf.o
  CC      fs/sysfs/group.o
  CC      drivers/clk/clk-composite.o
  CC      sound/soc/mediatek/audio_dsp/v2/mtk-dsp-dai.o
  CC      drivers/clk/clk-fractional-divider.o
  AR      fs/sysfs/built-in.a
  CC      fs/tracefs/inode.o
  CC      kernel/audit_watch.o
  CC      sound/soc/mediatek/audio_dsp/v2/mtk-dsp-pcm.o
  CC      drivers/clk/clk-gpio.o
  AR      fs/tracefs/built-in.a
  CC      fs/unicode/utf8-norm.o
  CC      kernel/audit_fsnotify.o
  CC      sound/soc/mediatek/audio_dsp/v2/mtk-dsp-common.o
  CC      drivers/clk/clk-conf.o
  CC      sound/soc/mediatek/audio_dsp/v2/mtk-dsp-platform-driver.o
  CC      kernel/audit_tree.o
  CC      fs/unicode/utf8-core.o
  CC      drivers/clk/clk-xgene.o
  AR      fs/unicode/built-in.a
  CC      fs/verity/enable.o
  CC      drivers/clk/mediatek/clk-fixup-div.o
  CC      sound/soc/mediatek/audio_dsp/v2/mtk-dsp-mem-control.o
  CC      kernel/seccomp.o
  CC      drivers/clk/mediatek/clk-mtk.o
  AR      sound/soc/mediatek/audio_dsp/v2/built-in.a
  CC      sound/soc/mediatek/aw87319_space/aw87319_audio.o
  CC      fs/verity/hash_algs.o
  CC      kernel/utsname_sysctl.o
  CC      drivers/clk/mediatek/clk-pll.o
  AR      sound/soc/mediatek/aw87319_space/built-in.a
  CC      kernel/taskstats.o
  CC      sound/soc/mediatek/common/mtk-mmap-ion.o
  CC      fs/verity/init.o
  CC      fs/verity/measure.o
  CC      sound/soc/mediatek/common/mtk-afe-platform-driver.o
  CC      drivers/clk/mediatek/clk-gate.o
  CC      kernel/tsacct.o
  CC      fs/verity/open.o
  CC      kernel/tracepoint.o
  CC      drivers/clk/mediatek/clk-apmixed.o
  CC      sound/soc/mediatek/common/mtk-afe-fe-dai.o
  CC      fs/verity/verify.o
  CC      drivers/clk/mediatek/clk-cpumux.o
  CC      kernel/irq_work.o
  CC      drivers/clk/mediatek/reset.o
  CC      sound/soc/mediatek/common/mtk-sram-manager.o
  CC      drivers/clk/mediatek/clk-mux.o
  CC      fs/verity/signature.o
  CC      kernel/cpu_pm.o
  CC      drivers/clk/mediatek/clkchk.o
  AR      fs/verity/built-in.a
  CC      kernel/iomem.o
  CC      fs/eventpoll.o
  CC      sound/soc/mediatek/common/mtk-sp-pcm-ops.o
  CC      drivers/clk/mediatek/clk-mt6781.o
  CC      kernel/rseq.o
  CC      drivers/clk/mediatek/clk-mt6781-pg.o
  CC      sound/soc/mediatek/common/mtk-afe-debug.o
  CC      fs/anon_inodes.o
  CC      kernel/configs.o
  CC      drivers/clk/mediatek/clk-mtk-v1.o
  CC      drivers/clk/mediatek/clkdbg.o
  AR      kernel/built-in.a
  CC      drivers/clocksource/timer-of.o
  CC      sound/soc/mediatek/common/mtk-sp-spk-amp.o
  CC      fs/signalfd.o
  CC      drivers/clocksource/timer-probe.o
  CC      fs/timerfd.o
  CC      drivers/clocksource/mmio.o
  CC      sound/soc/mediatek/common/mtk-usip.o
  CC      drivers/clk/mediatek/clkdbg-mt6781.o
  CC      drivers/clocksource/timer-mediatek.o
  CC      fs/eventfd.o
  CC      sound/soc/mediatek/common/mtk-btcvsd.o
  CC      drivers/clk/mediatek/clkchk-mt6781.o
  CC      drivers/clocksource/arm_arch_timer.o
  AR      drivers/clk/mediatek/built-in.a
  AR      drivers/clk/built-in.a
  CC      sound/soc/mediatek/common_int/mtk-auddrv-devtree-parser.o
  CC      fs/userfaultfd.o
  AR      sound/soc/mediatek/common/built-in.a
  CC      drivers/clocksource/dummy_timer.o
  CC      fs/aio.o
  CC      sound/soc/mediatek/common_int/mtk-soc-offload-common.o
  AR      drivers/clocksource/built-in.a
  CC      drivers/cpufreq/cpufreq.o
  AR      sound/soc/mediatek/common_int/built-in.a
  CC      sound/soc/mediatek/mt6781/mt6781-afe-pcm.o
  CC      drivers/cpuidle/cpuidle.o
  CC      fs/locks.o
  CC      sound/soc/mediatek/mt6781/mt6781-afe-clk.o
  CC      drivers/cpufreq/freq_table.o
  CC      drivers/cpuidle/driver.o
  CC      sound/soc/mediatek/mt6781/mt6781-afe-gpio.o
  CC      drivers/cpufreq/cpufreq_stats.o
  CC      drivers/cpuidle/governor.o
  CC      drivers/cpufreq/cpufreq_times.o
  CC      sound/soc/mediatek/mt6781/mt6781-dai-adda.o
  CC      drivers/cpuidle/sysfs.o
  CC      drivers/cpufreq/cpufreq_performance.o
  CC      sound/soc/mediatek/mt6781/mt6781-afe-control.o
  CC      fs/compat.o
  CC      drivers/cpuidle/governors/menu.o
  CC      drivers/cpufreq/cpufreq_powersave.o
  CC      drivers/cpufreq/cpufreq_userspace.o
  CC      fs/compat_ioctl.o
  CC      drivers/cpuidle/governors/mtk_menu.o
  CC      sound/soc/mediatek/mt6781/mt6781-dai-i2s.o
  CC      drivers/cpufreq/cpufreq_ondemand.o
  AR      drivers/cpuidle/governors/built-in.a
  CC      drivers/cpuidle/dt_idle_states.o
  CC      sound/soc/mediatek/mt6781/mt6781-dai-hw-gain.o
  CC      drivers/cpufreq/cpufreq_governor.o
  CC      drivers/cpuidle/cpuidle-mediatek.o
  CC      sound/soc/mediatek/mt6781/mt6781-dai-pcm.o
  CC      fs/binfmt_script.o
  AR      drivers/cpuidle/built-in.a
  CC      sound/soc/mediatek/mt6781/mt6781-dai-src.o
  CC      fs/binfmt_elf.o
  CC      drivers/cpufreq/cpufreq_governor_attr_set.o
  CC      sound/soc/mediatek/mt6781/mt6781-dai-hostless.o
  CC      net/socket.o
  CC      sound/soc/mediatek/mt6781/mt6781-misc-control.o
  AR      drivers/cpufreq/built-in.a
  CC      drivers/devfreq/devfreq.o
  CC      fs/compat_binfmt_elf.o
  CC      drivers/devfreq/governor_simpleondemand.o
  CC      drivers/devfreq/helio-dvfsrc-v3/helio-dvfsrc-qos.o
  CC      fs/mbcache.o
  CC      drivers/devfreq/helio-dvfsrc-v3/helio-dvfsrc-sysfs.o
  CC      sound/soc/mediatek/mt6781/mt6781-mt6366.o
  CC      net/802/p8022.o
  CC      fs/posix_acl.o
  CC      drivers/devfreq/helio-dvfsrc-v3/helio-dvfsrc-opp.o
  AR      sound/soc/mediatek/mt6781/built-in.a
  CC      sound/soc/mediatek/scp_vow/mt6781/mtk-scp-vow-platform.o
  CC      drivers/devfreq/helio-dvfsrc-v3/helio-dvfsrc-opp-v6781.o
  CC      drivers/devfreq/helio-dvfsrc-v3/helio-dvfsrc-v6781.o
  CC      net/802/psnap.o
  AR      sound/soc/mediatek/scp_vow/mt6781/built-in.a
  CC      sound/soc/mediatek/scp_vow/mtk-scp-vow-common.o
  CC      fs/coredump.o
  AR      sound/soc/mediatek/scp_vow/built-in.a
  CC      sound/soc/mediatek/sia81xx_space/sia81xx.o
  CC      drivers/devfreq/helio-dvfsrc-v3/helio-dvfsrc-ip-v2.o
  CC      net/802/stp.o
  CC      sound/soc/mediatek/sia81xx_space/sia81xx_regmap.o
  CC      fs/drop_caches.o
  CC      sound/soc/mediatek/sia81xx_space/sia81xx_aux_dev_if.o
  AR      drivers/devfreq/helio-dvfsrc-v3/built-in.a
  AR      drivers/devfreq/built-in.a
  CC      drivers/dma/dmaengine.o
  CC      fs/iomap.o
  AR      net/802/built-in.a
  CC      net/8021q/vlan_core.o
  CC      sound/soc/mediatek/sia81xx_space/sia81xx_set_vdd.o
  CC      sound/soc/mediatek/sia81xx_space/sia8101_regs.o
  CC      drivers/dma/virt-dma.o
  CC      sound/soc/mediatek/sia81xx_space/sia8108_regs.o
  CC      fs/dcookies.o
  CC      net/8021q/vlan.o
  CC      sound/soc/mediatek/sia81xx_space/sia8109_regs.o
  CC      drivers/dma/of-dma.o
  CC      sound/soc/mediatek/sia81xx_space/sia8152_regs.o
  CC      sound/soc/mediatek/sia81xx_space/sia81xx_timer_task.o
  CC      net/8021q/vlan_dev.o
  AR      fs/built-in.a
  CC      sound/soc/mediatek/sia81xx_space/sia81xx_socket.o
  CC      net/bpf/test_run.o
  CC      drivers/dma/mediatek/mtk-cqdma.o
  CC      drivers/dma/mediatek/mtk-uart-apdma.o
  CC      net/8021q/vlan_netlink.o
  CC      sound/soc/mediatek/sia81xx_space/sia81xx_tuning_if_dev.o
  AR      net/bpf/built-in.a
  AR      drivers/dma/mediatek/built-in.a
  AR      sound/soc/mediatek/sia81xx_space/built-in.a
  AR      drivers/dma/built-in.a
  AS      arch/arm64/lib/crc32.o
  AR      sound/soc/mediatek/built-in.a
  CC      drivers/dma-buf/dma-buf.o
  CC      net/8021q/vlanproc.o
  AS      arch/arm64/lib/clear_page.o
  AS      arch/arm64/lib/clear_user.o
  AR      sound/soc/built-in.a
  AS      arch/arm64/lib/copy_from_user.o
  AS      arch/arm64/lib/copy_in_user.o
  CC      sound/usb/card.o
  AS      arch/arm64/lib/copy_page.o
  AS      arch/arm64/lib/copy_to_user.o
  AR      net/8021q/built-in.a
  CC      arch/arm64/lib/csum.o
  CC      net/bridge/br.o
  CC      drivers/dma-buf/dma-fence.o
  CC      arch/arm64/lib/delay.o
  CC      sound/usb/clock.o
  CC      net/bridge/br_device.o
  AS      arch/arm64/lib/memchr.o
  AS      arch/arm64/lib/memcmp.o
  CC      sound/usb/endpoint.o
  AS      arch/arm64/lib/memcpy.o
  AS      arch/arm64/lib/memmove.o
  CC      drivers/dma-buf/dma-fence-array.o
  AS      arch/arm64/lib/memset.o
  AS      arch/arm64/lib/strchr.o
  AS      arch/arm64/lib/strcmp.o
  AS      arch/arm64/lib/strlen.o
  AS      arch/arm64/lib/strncmp.o
  AS      arch/arm64/lib/strnlen.o
  CC      drivers/dma-buf/reservation.o
  CC      sound/usb/format.o
  AS      arch/arm64/lib/strrchr.o
  AR      arch/arm64/lib/lib.a
  EXPORTS arch/arm64/lib/lib-ksyms.o
  AR      arch/arm64/lib/built-in.a
  CC      net/bridge/br_fdb.o
  CC      drivers/dma-buf/seqno-fence.o
  CC      lib/parser.o
  CC      sound/usb/helper.o
  CC      lib/random32.o
  CC      drivers/dma-buf/sync_file.o
  CC      sound/usb/mixer.o
  CC      lib/bust_spinlocks.o
  CC      lib/kasprintf.o
  AR      drivers/dma-buf/built-in.a
  CC      drivers/extcon/extcon.o
  CC      net/bridge/br_forward.o
  CC      sound/usb/mixer_quirks.o
  CC      lib/bitmap.o
  CC      drivers/extcon/devres.o
  CC      sound/usb/mixer_scarlett.o
  CC      lib/scatterlist.o
  AR      drivers/extcon/built-in.a
  CC      drivers/firmware/psci.o
  CC      net/bridge/br_if.o
  CC      sound/usb/mixer_us16x08.o
  CC      sound/usb/pcm.o
  CC      lib/uuid.o
  AR      drivers/firmware/built-in.a
  CC      drivers/gpio/devres.o
  CC      net/bridge/br_input.o
  CC      lib/flex_array.o
  CC      lib/iov_iter.o
  CC      drivers/gpio/gpiolib.o
  CC      sound/usb/power.o
  CC      sound/usb/proc.o
  CC      net/bridge/br_ioctl.o
  CC      sound/usb/quirks.o
  CC      lib/bsearch.o
  CC      net/bridge/br_stp.o
  CC      drivers/gpio/gpiolib-legacy.o
  CC      sound/usb/stream.o
  CC      lib/kfifo.o
  CC      drivers/gpio/gpiolib-devprop.o
  CC      sound/usb/validate.o
  CC      net/bridge/br_stp_bpdu.o
  CC      drivers/gpio/gpiolib-of.o
  CC      sound/usb/midi.o
  CC      lib/percpu-refcount.o
  CC      net/bridge/br_stp_if.o
  CC      lib/rhashtable.o
  AR      drivers/gpio/built-in.a
  CC      drivers/gpu/drm/drm_crtc_helper.o
  AR      sound/usb/built-in.a
  CC      sound/last.o
  CC      net/bridge/br_stp_timer.o
  AR      sound/built-in.a
$GED: CONFIG_MTK_PLATFORM is ["mt6785"]
  CC      drivers/gpu/mediatek/ged/src/ged_ski.o
  CC      lib/once.o
  CC      drivers/gpu/mediatek/ged/src/ged.o
  CC      lib/usercopy.o
  CC      net/bridge/br_netlink.o
  CC      drivers/gpu/drm/drm_dp_helper.o
  CC      lib/bucket_locks.o
  CC      drivers/gpu/mediatek/ged/src/ged_base.o
  CC      drivers/gpu/mediatek/ged/src/ged_main.o
  CC      net/bridge/br_netlink_tunnel.o
  CC      lib/string_helpers.o
  CC      drivers/gpu/drm/drm_probe_helper.o
  CC      drivers/gpu/mediatek/ged/src/ged_sysfs.o
  CC      drivers/gpu/mediatek/ged/src/ged_hal.o
  CC      net/bridge/br_arp_nd_proxy.o
  CC      lib/kstrtox.o
  CC      drivers/gpu/drm/drm_plane_helper.o
  CC      drivers/gpu/mediatek/ged/src/ged_log.o
  CC      lib/crypto/libchacha.o
  CC      net/bridge/br_sysfs_if.o
  CC      drivers/gpu/drm/drm_dp_mst_topology.o
  CC      drivers/gpu/mediatek/ged/src/ged_bridge.o
  CC      lib/crypto/poly1305-donna64.o
  CC      drivers/gpu/mediatek/ged/src/ged_monitor_3D_fence.o
  CC      net/bridge/br_sysfs_br.o
  CC      lib/crypto/poly1305.o
  CC      drivers/gpu/mediatek/ged/src/ged_notify_sw_vsync.o
  CC      drivers/gpu/mediatek/ged/src/ged_hashtable.o
  CC      lib/crypto/blake2s.o
  CC      drivers/gpu/mediatek/ged/src/ged_thread.o
  CC      net/bridge/br_nf_core.o
  CC      drivers/gpu/drm/drm_atomic_helper.o
  CC      drivers/gpu/mediatek/ged/src/ged_ge.o
  CC      drivers/gpu/mediatek/ged/src/ged_dvfs.o
  CC      lib/crypto/blake2s-generic.o
  CC      net/bridge/br_multicast.o
../drivers/gpu/mediatek/ged/src/ged_dvfs.c:1011:8: warning: mixing declarations and code is a C99 extension [-Wdeclaration-after-statement]
                        int i32NewFreqID =
                            ^
1 warning generated.
  CC      drivers/gpu/mediatek/ged/src/ged_gpu_tuner.o
  CC      drivers/gpu/drm/drm_kms_helper_common.o
  CC      drivers/gpu/mediatek/ged/src/ged_kpi.o
  CC      lib/crypto/chacha20poly1305.o
../drivers/gpu/mediatek/ged/src/ged_kpi.c:58:9: warning: 'GED_TAG' macro redefined [-Wmacro-redefined]
#define GED_TAG "[GED_KPI]"
        ^
../drivers/gpu/mediatek/ged/include/ged_base.h:12:9: note: previous definition is here
#define GED_TAG "[GPU/GED]"
        ^
  CC      drivers/gpu/drm/drm_dp_dual_mode_helper.o
1 warning generated.
../drivers/gpu/mediatek/ged/src/ged_kpi.c:58:9: warning: 'GED_TAG' macro redefined [-Wmacro-redefined]
#define GED_TAG "[GED_KPI]"
        ^
../drivers/gpu/mediatek/ged/include/ged_base.h:12:9: note: previous definition is here
#define GED_TAG "[GPU/GED]"
        ^
1 warning generated.
  AR      drivers/gpu/mediatek/ged/built-in.a
  CC      drivers/gpu/mediatek/gpu_bm/gpu_bm.o
  CC      lib/crypto/curve25519-hacl64.o
  CC      net/bridge/br_mdb.o
  CC      drivers/gpu/drm/drm_simple_kms_helper.o
  AR      drivers/gpu/mediatek/gpu_bm/built-in.a
mali MTK evironment, building r32p1 DDK
mtk-Kbuild CONFIG_MALI_PLATFORM_THIRDPARTY := y
mtk-Kbuild CONFIG_MALI_PLATFORM_THIRDPARTY_NAME := "mt6781"
*GPU defined GPU BM QoS 2.0
mali MTK evironment, building r32p1 DDK
mtk-Kbuild CONFIG_MALI_PLATFORM_THIRDPARTY := y
mtk-Kbuild CONFIG_MALI_PLATFORM_THIRDPARTY_NAME := "mt6781"
*GPU defined GPU BM QoS 2.0
mali MTK evironment, building r32p1 DDK
mtk-Kbuild CONFIG_MALI_PLATFORM_THIRDPARTY := y
mtk-Kbuild CONFIG_MALI_PLATFORM_THIRDPARTY_NAME := "mt6781"
*GPU defined GPU BM QoS 2.0
  CC      drivers/gpu/mediatek/gpu_mali/mali_valhall/mali-r32p1/drivers/gpu/arm/midgard/platform/mtk_platform_common/mtk_platform_common.o
  CC      net/bridge/br_netfilter_hooks.o
  CC      drivers/gpu/drm/drm_modeset_helper.o
  CC      drivers/gpu/mediatek/gpu_mali/mali_valhall/mali-r32p1/drivers/gpu/arm/midgard/platform/mtk_platform_common/mtk_gpu_dvfs.o
  CC      drivers/gpu/drm/drm_scdc_helper.o
  CC      net/bridge/br_netfilter_ipv6.o
  CC      drivers/gpu/mediatek/gpu_mali/mali_valhall/mali-r32p1/drivers/gpu/arm/midgard/platform/mtk_platform_common/mtk_mfg_counter.o
  CC      drivers/gpu/mediatek/gpu_mali/mali_valhall/mali-r32p1/drivers/gpu/arm/midgard/platform/mtk_platform_common/mtk_gpu_power_sspm_ipi.o
  CC      drivers/gpu/drm/drm_gem_framebuffer_helper.o
  AR      net/bridge/built-in.a
  CC      net/core/sock.o
  CC      drivers/gpu/mediatek/gpu_mali/mali_valhall/mali-r32p1/drivers/gpu/arm/midgard/mali_kbase_cache_policy.o
  CC      lib/crypto/curve25519-generic.o
  CC      drivers/gpu/drm/bridge/panel.o
  CC      drivers/gpu/mediatek/gpu_mali/mali_valhall/mali-r32p1/drivers/gpu/arm/midgard/mali_kbase_ccswe.o
  CC      lib/crypto/curve25519.o
  CC      drivers/gpu/drm/drm_fb_helper.o
  CC      drivers/gpu/mediatek/gpu_mali/mali_valhall/mali-r32p1/drivers/gpu/arm/midgard/mali_kbase_mem.o
  AR      lib/crypto/built-in.a
  CC      lib/fonts/fonts.o
  CC      net/core/request_sock.o
  CC      lib/fonts/font_8x16.o
  AR      lib/fonts/built-in.a
  CC      lib/lz4/lz4.o
  CC      net/core/skbuff.o
  CC      drivers/gpu/drm/drm_auth.o
  CC      drivers/gpu/mediatek/gpu_mali/mali_valhall/mali-r32p1/drivers/gpu/arm/midgard/mali_kbase_mem_pool_group.o
  CC      drivers/gpu/mediatek/gpu_mali/mali_valhall/mali-r32p1/drivers/gpu/arm/midgard/mali_kbase_native_mgm.o
  CC      drivers/gpu/drm/drm_bufs.o
  CC      drivers/gpu/mediatek/gpu_mali/mali_valhall/mali-r32p1/drivers/gpu/arm/midgard/mali_kbase_ctx_sched.o
../lib/lz4/lz4.c:1770:5: warning: stack frame size (16464) exceeds limit (3600) in 'LZ4_compress_destSize' [-Wframe-larger-than]
int LZ4_compress_destSize(const char *src, char *dst, int *srcSizePtr,
    ^
24/16464 (0.15%) spills, 16440/16464 (99.85%) variables
1 warning generated.
  CC      drivers/gpu/drm/drm_cache.o
  CC      drivers/gpu/mediatek/gpu_mali/mali_valhall/mali-r32p1/drivers/gpu/arm/midgard/mali_kbase_gpuprops.o
  CC      lib/lz4/lz4hc.o
  CC      net/core/datagram.o
  CC      drivers/gpu/drm/drm_context.o
  CC      drivers/gpu/mediatek/gpu_mali/mali_valhall/mali-r32p1/drivers/gpu/arm/midgard/mali_kbase_pm.o
  CC      drivers/gpu/drm/drm_dma.o
  CC      drivers/gpu/drm/drm_file.o
  CC      drivers/gpu/mediatek/gpu_mali/mali_valhall/mali-r32p1/drivers/gpu/arm/midgard/mali_kbase_config.o
  CC      net/core/stream.o
  CC      drivers/gpu/mediatek/gpu_mali/mali_valhall/mali-r32p1/drivers/gpu/arm/midgard/mali_kbase_vinstr.o
  CC      drivers/gpu/drm/drm_gem.o
../lib/lz4/lz4hc.c:1831:12: warning: stack frame size (66096) exceeds limit (3600) in 'LZ4HC_compress_generic_noDictCtx' [-Wframe-larger-than]
static int LZ4HC_compress_generic_noDictCtx(LZ4HC_CCtx_internal *const ctx,
           ^
369/66096 (0.56%) spills, 65727/66096 (99.44%) variables
  CC      drivers/gpu/mediatek/gpu_mali/mali_valhall/mali-r32p1/drivers/gpu/arm/midgard/mali_kbase_hwcnt.o
  CC      drivers/gpu/mediatek/gpu_mali/mali_valhall/mali-r32p1/drivers/gpu/arm/midgard/mali_kbase_hwcnt_legacy.o
../lib/lz4/lz4hc.c:1854:12: warning: stack frame size (66128) exceeds limit (3600) in 'LZ4HC_compress_generic_dictCtx' [-Wframe-larger-than]
static int LZ4HC_compress_generic_dictCtx(LZ4HC_CCtx_internal *const ctx,
           ^
391/66128 (0.59%) spills, 65737/66128 (99.41%) variables
  CC      net/core/scm.o
2 warnings generated.
  CC      lib/lz4/lz4armv8/lz4accel.o
  CC      drivers/gpu/mediatek/gpu_mali/mali_valhall/mali-r32p1/drivers/gpu/arm/midgard/mali_kbase_hwcnt_types.o
  AS      lib/lz4/lz4armv8/lz4armv8.o
  AR      lib/lz4/built-in.a
  CC      lib/lzo/lzo1x_compress.o
  CC      drivers/gpu/drm/drm_ioctl.o
  CC      drivers/gpu/mediatek/gpu_mali/mali_valhall/mali-r32p1/drivers/gpu/arm/midgard/mali_kbase_hwcnt_virtualizer.o
  CC      lib/lzo/lzo1x_decompress_safe.o
  CC      drivers/gpu/mediatek/gpu_mali/mali_valhall/mali-r32p1/drivers/gpu/arm/midgard/mali_kbase_softjobs.o
  CC      net/core/gen_stats.o
  AR      lib/lzo/built-in.a
  CC      lib/mpi/generic_mpih-lshift.o
  CC      drivers/gpu/drm/drm_irq.o
  CC      drivers/gpu/mediatek/gpu_mali/mali_valhall/mali-r32p1/drivers/gpu/arm/midgard/mali_kbase_hw.o
  CC      lib/mpi/generic_mpih-mul1.o
  CC      lib/mpi/generic_mpih-mul2.o
  CC      drivers/gpu/drm/drm_lock.o
  CC      drivers/gpu/mediatek/gpu_mali/mali_valhall/mali-r32p1/drivers/gpu/arm/midgard/mali_kbase_debug.o
  CC      net/core/gen_estimator.o
  CC      lib/mpi/generic_mpih-mul3.o
  CC      lib/mpi/generic_mpih-rshift.o
  CC      drivers/gpu/drm/drm_memory.o
  CC      drivers/gpu/mediatek/gpu_mali/mali_valhall/mali-r32p1/drivers/gpu/arm/midgard/mali_kbase_gpu_memory_debugfs.o
  CC      lib/mpi/generic_mpih-sub1.o
  CC      net/core/net_namespace.o
  CC      lib/mpi/generic_mpih-add1.o
  CC      drivers/gpu/mediatek/gpu_mali/mali_valhall/mali-r32p1/drivers/gpu/arm/midgard/mali_kbase_mem_linux.o
  CC      lib/mpi/mpicoder.o
  CC      drivers/gpu/drm/drm_drv.o
  CC      lib/mpi/mpi-bit.o
  CC      net/core/secure_seq.o
  CC      drivers/gpu/drm/drm_scatter.o
  CC      drivers/gpu/mediatek/gpu_mali/mali_valhall/mali-r32p1/drivers/gpu/arm/midgard/mali_kbase_core_linux.o
  CC      lib/mpi/mpi-cmp.o
  CC      drivers/gpu/drm/drm_pci.o
  CC      net/core/flow_dissector.o
  CC      lib/mpi/mpih-cmp.o
  CC      drivers/gpu/drm/drm_sysfs.o
  CC      lib/mpi/mpih-div.o
  CC      drivers/gpu/mediatek/gpu_mali/mali_valhall/mali-r32p1/drivers/gpu/arm/midgard/mali_kbase_mem_profile_debugfs.o
  CC      lib/mpi/mpih-mul.o
  CC      drivers/gpu/drm/drm_hashtab.o
  CC      drivers/gpu/mediatek/gpu_mali/mali_valhall/mali-r32p1/drivers/gpu/arm/midgard/mali_kbase_disjoint_events.o
  CC      lib/mpi/mpi-pow.o
  CC      net/core/sysctl_net_core.o
  CC      lib/mpi/mpiutil.o
  CC      drivers/gpu/drm/drm_mm.o
  CC      drivers/gpu/mediatek/gpu_mali/mali_valhall/mali-r32p1/drivers/gpu/arm/midgard/mali_kbase_gator_api.o
  AR      lib/mpi/built-in.a
  CC      lib/reed_solomon/reed_solomon.o
  CC      net/core/dev.o
  CC      drivers/gpu/mediatek/gpu_mali/mali_valhall/mali-r32p1/drivers/gpu/arm/midgard/mali_kbase_debug_mem_view.o
  CC      drivers/gpu/drm/drm_crtc.o
  AR      lib/reed_solomon/built-in.a
  CC      lib/zlib_deflate/deflate.o
  CC      drivers/gpu/mediatek/gpu_mali/mali_valhall/mali-r32p1/drivers/gpu/arm/midgard/mali_kbase_smc.o
  CC      lib/zlib_deflate/deflate_syms.o
  CC      drivers/gpu/mediatek/gpu_mali/mali_valhall/mali-r32p1/drivers/gpu/arm/midgard/mali_kbase_mem_pool.o
  CC      drivers/gpu/drm/drm_fourcc.o
  AR      lib/zlib_deflate/built-in.a
  CC      lib/zlib_inflate/infutil.o
  CC      lib/zlib_inflate/inflate_syms.o
  CC      drivers/gpu/drm/drm_modes.o
  AR      lib/zlib_inflate/built-in.a
  CC      lib/zstd/compress.o
  CC      drivers/gpu/mediatek/gpu_mali/mali_valhall/mali-r32p1/drivers/gpu/arm/midgard/mali_kbase_mem_pool_debugfs.o
  CC      drivers/gpu/mediatek/gpu_mali/mali_valhall/mali-r32p1/drivers/gpu/arm/midgard/mali_kbase_debugfs_helper.o
  CC      drivers/gpu/drm/drm_edid.o
  CC      drivers/gpu/mediatek/gpu_mali/mali_valhall/mali-r32p1/drivers/gpu/arm/midgard/mali_kbase_as_fault_debugfs.o
  CC      drivers/gpu/mediatek/gpu_mali/mali_valhall/mali-r32p1/drivers/gpu/arm/midgard/mali_kbase_regs_history_debugfs.o
  CC      net/core/ethtool.o
  CC      drivers/gpu/mediatek/gpu_mali/mali_valhall/mali-r32p1/drivers/gpu/arm/midgard/mali_kbase_dvfs_debugfs.o
  CC      drivers/gpu/mediatek/gpu_mali/mali_valhall/mali-r32p1/drivers/gpu/arm/midgard/mali_power_gpu_frequency_trace.o
  CC      drivers/gpu/drm/drm_info.o
  CC      drivers/gpu/drm/drm_encoder_slave.o
  CC      drivers/gpu/mediatek/gpu_mali/mali_valhall/mali-r32p1/drivers/gpu/arm/midgard/mali_kbase_trace_gpu_mem.o
  CC      net/core/dev_addr_lists.o
  CC      drivers/gpu/mediatek/gpu_mali/mali_valhall/mali-r32p1/drivers/gpu/arm/midgard/mali_kbase_fence_ops.o
  CC      drivers/gpu/drm/drm_trace_points.o
  CC      drivers/gpu/mediatek/gpu_mali/mali_valhall/mali-r32p1/drivers/gpu/arm/midgard/mali_kbase_sync_file.o
  CC      net/core/dst.o
  CC      lib/zstd/decompress.o
  CC      drivers/gpu/drm/drm_global.o
  CC      drivers/gpu/mediatek/gpu_mali/mali_valhall/mali-r32p1/drivers/gpu/arm/midgard/mali_kbase_sync_common.o
  CC      drivers/gpu/drm/drm_prime.o
  CC      drivers/gpu/mediatek/gpu_mali/mali_valhall/mali-r32p1/drivers/gpu/arm/midgard/mali_kbase_jm.o
  CC      net/core/netevent.o
  AR      lib/zstd/built-in.a
  CC      lib/pci_iomap.o
  CC      drivers/gpu/mediatek/gpu_mali/mali_valhall/mali-r32p1/drivers/gpu/arm/midgard/mali_kbase_hwcnt_backend_jm.o
  CC      lib/iomap_copy.o
  CC      drivers/gpu/drm/drm_rect.o
  CC      lib/devres.o
  CC      drivers/gpu/mediatek/gpu_mali/mali_valhall/mali-r32p1/drivers/gpu/arm/midgard/mali_kbase_dummy_job_wa.o
  CC      net/core/neighbour.o
  CC      drivers/gpu/drm/drm_vma_manager.o
  CC      drivers/gpu/mediatek/gpu_mali/mali_valhall/mali-r32p1/drivers/gpu/arm/midgard/mali_kbase_debug_job_fault.o
  CC      lib/logic_pio.o
  CC      drivers/gpu/mediatek/gpu_mali/mali_valhall/mali-r32p1/drivers/gpu/arm/midgard/mali_kbase_event.o
  CC      lib/assoc_array.o
  CC      drivers/gpu/drm/drm_flip_work.o
  CC      lib/crc-ccitt.o
  CC      drivers/gpu/mediatek/gpu_mali/mali_valhall/mali-r32p1/drivers/gpu/arm/midgard/mali_kbase_jd.o
  CC      net/core/rtnetlink.o
  CC      lib/crc16.o
  CC      drivers/gpu/drm/drm_modeset_lock.o
  CC      lib/crc32.o
  CC      drivers/gpu/mediatek/gpu_mali/mali_valhall/mali-r32p1/drivers/gpu/arm/midgard/mali_kbase_js.o
  CC      drivers/gpu/drm/drm_atomic.o
  CC      lib/libcrc32c.o
  CC      lib/crc8.o
  CC      net/core/utils.o
  CC      lib/xxhash.o
  CC      drivers/gpu/drm/drm_bridge.o
  CC      drivers/gpu/mediatek/gpu_mali/mali_valhall/mali-r32p1/drivers/gpu/arm/midgard/mali_kbase_js_ctx_attr.o
  CC      lib/genalloc.o
  CC      drivers/gpu/mediatek/gpu_mali/mali_valhall/mali-r32p1/drivers/gpu/arm/midgard/mali_kbase_kinstr_jm.o
  CC      drivers/gpu/drm/drm_framebuffer.o
  CC      net/core/link_watch.o
  CC      lib/textsearch.o
  CC      lib/ts_kmp.o
  CC      drivers/gpu/mediatek/gpu_mali/mali_valhall/mali-r32p1/drivers/gpu/arm/midgard/mali_kbase_fence.o
  CC      drivers/gpu/drm/drm_connector.o
  CC      lib/ts_bm.o
  CC      net/core/filter.o
  CC      lib/ts_fsm.o
  CC      drivers/gpu/mediatek/gpu_mali/mali_valhall/mali-r32p1/drivers/gpu/arm/midgard/context/mali_kbase_context.o
  CC      lib/percpu_counter.o
  CC      drivers/gpu/drm/drm_blend.o
  CC      drivers/gpu/mediatek/gpu_mali/mali_valhall/mali-r32p1/drivers/gpu/arm/midgard/context/backend/mali_kbase_context_jm.o
  CC      lib/audit.o
  CC      lib/syscall.o
  CC      drivers/gpu/drm/drm_encoder.o
  CC      drivers/gpu/mediatek/gpu_mali/mali_valhall/mali-r32p1/drivers/gpu/arm/midgard/debug/mali_kbase_debug_ktrace.o
  CC      lib/nlattr.o
  CC      drivers/gpu/mediatek/gpu_mali/mali_valhall/mali-r32p1/drivers/gpu/arm/midgard/debug/backend/mali_kbase_debug_ktrace_jm.o
  CC      drivers/gpu/drm/drm_mode_object.o
  CC      drivers/gpu/mediatek/gpu_mali/mali_valhall/mali-r32p1/drivers/gpu/arm/midgard/device/mali_kbase_device.o
  CC      lib/checksum.o
  CC      net/core/sock_diag.o
  CC      lib/cpu_rmap.o
  CC      drivers/gpu/drm/drm_property.o
  CC      drivers/gpu/mediatek/gpu_mali/mali_valhall/mali-r32p1/drivers/gpu/arm/midgard/device/mali_kbase_device_hw.o
  CC      lib/dynamic_queue_limits.o
  CC      lib/glob.o
  CC      drivers/gpu/drm/drm_plane.o
  CC      drivers/gpu/mediatek/gpu_mali/mali_valhall/mali-r32p1/drivers/gpu/arm/midgard/device/backend/mali_kbase_device_jm.o
  CC      net/core/dev_ioctl.o
  CC      lib/strncpy_from_user.o
  CC      drivers/gpu/mediatek/gpu_mali/mali_valhall/mali-r32p1/drivers/gpu/arm/midgard/device/backend/mali_kbase_device_hw_jm.o
  CC      drivers/gpu/drm/drm_color_mgmt.o
  CC      lib/strnlen_user.o
  CC      net/core/tso.o
  CC      drivers/gpu/mediatek/gpu_mali/mali_valhall/mali-r32p1/drivers/gpu/arm/midgard/backend/gpu/mali_kbase_cache_policy_backend.o
  CC      lib/net_utils.o
  CC      drivers/gpu/mediatek/gpu_mali/mali_valhall/mali-r32p1/drivers/gpu/arm/midgard/backend/gpu/mali_kbase_gpuprops_backend.o
  CC      drivers/gpu/drm/drm_dumb_buffers.o
  CC      drivers/gpu/mediatek/gpu_mali/mali_valhall/mali-r32p1/drivers/gpu/arm/midgard/backend/gpu/mali_kbase_irq_linux.o
  CC      drivers/gpu/drm/drm_mode_config.o
  CC      lib/sg_pool.o
  CC      net/core/sock_reuseport.o
  CC      lib/asn1_decoder.o
  CC      drivers/gpu/drm/drm_vblank.o
  CC      drivers/gpu/mediatek/gpu_mali/mali_valhall/mali-r32p1/drivers/gpu/arm/midgard/backend/gpu/mali_kbase_js_backend.o
  CC      lib/oid_registry.o
  CC      drivers/gpu/mediatek/gpu_mali/mali_valhall/mali-r32p1/drivers/gpu/arm/midgard/backend/gpu/mali_kbase_pm_backend.o
  CC      net/core/fib_notifier.o
  CC      lib/memleak_debug_stackdepot.o
  CC      drivers/gpu/drm/drm_syncobj.o
  CC      drivers/gpu/mediatek/gpu_mali/mali_valhall/mali-r32p1/drivers/gpu/arm/midgard/backend/gpu/mali_kbase_pm_driver.o
  CC      lib/sbitmap.o
  CC      net/core/xdp.o
  CC      drivers/gpu/drm/drm_lease.o
  CC      lib/argv_split.o
  CC      lib/bug.o
  CC      drivers/gpu/mediatek/gpu_mali/mali_valhall/mali-r32p1/drivers/gpu/arm/midgard/backend/gpu/mali_kbase_pm_metrics.o
  CC      lib/cpumask.o
  CC      net/core/net-sysfs.o
  CC      drivers/gpu/drm/drm_writeback.o
  CC      lib/decompress_inflate.o
  CC      drivers/gpu/mediatek/gpu_mali/mali_valhall/mali-r32p1/drivers/gpu/arm/midgard/backend/gpu/mali_kbase_pm_ca.o
  CC      lib/decompress_unlz4.o
  CC      drivers/gpu/drm/drm_client.o
  CC      lib/dump_stack.o
  CC      net/core/net-procfs.o
  CC      drivers/gpu/mediatek/gpu_mali/mali_valhall/mali-r32p1/drivers/gpu/arm/midgard/backend/gpu/mali_kbase_pm_always_on.o
  CC      lib/extable.o
  CC      drivers/gpu/drm/drm_ioc32.o
  CC      lib/flex_proportions.o
  CC      net/core/fib_rules.o
  CC      drivers/gpu/mediatek/gpu_mali/mali_valhall/mali-r32p1/drivers/gpu/arm/midgard/backend/gpu/mali_kbase_pm_coarse_demand.o
  CC      lib/idr.o
  CC      drivers/gpu/drm/drm_gem_cma_helper.o
  CC      lib/ioremap.o
  CC      drivers/gpu/mediatek/gpu_mali/mali_valhall/mali-r32p1/drivers/gpu/arm/midgard/backend/gpu/mali_kbase_pm_policy.o
  CC      net/core/net-traces.o
  CC      lib/irq_regs.o
  CC      lib/is_single_threaded.o
  CC      drivers/gpu/drm/drm_panel.o
  CC      drivers/gpu/mediatek/gpu_mali/mali_valhall/mali-r32p1/drivers/gpu/arm/midgard/backend/gpu/mali_kbase_time.o
  CC      lib/klist.o
  CC      lib/kobject.o
  CC      drivers/gpu/mediatek/gpu_mali/mali_valhall/mali-r32p1/drivers/gpu/arm/midgard/backend/gpu/mali_kbase_l2_mmu_config.o
  CC      drivers/gpu/drm/drm_of.o
  CC      drivers/gpu/mediatek/gpu_mali/mali_valhall/mali-r32p1/drivers/gpu/arm/midgard/backend/gpu/mali_kbase_clk_rate_trace_mgr.o
  CC      lib/kobject_uevent.o
  CC      drivers/gpu/drm/drm_mipi_dsi.o
  CC      net/core/dst_cache.o
  CC      drivers/gpu/mediatek/gpu_mali/mali_valhall/mali-r32p1/drivers/gpu/arm/midgard/backend/gpu/mali_kbase_instr_backend.o
  CC      drivers/gpu/drm/drm_panel_orientation_quirks.o
  CC      lib/memneq.o
  CC      net/core/gro_cells.o
  CC      drivers/gpu/mediatek/gpu_mali/mali_valhall/mali-r32p1/drivers/gpu/arm/midgard/backend/gpu/mali_kbase_jm_as.o
  CC      drivers/gpu/drm/mediatek/mtk_drm_drv.o
  CC      lib/nmi_backtrace.o
  CC      drivers/gpu/mediatek/gpu_mali/mali_valhall/mali-r32p1/drivers/gpu/arm/midgard/backend/gpu/mali_kbase_debug_job_fault_backend.o
  CC      lib/nodemask.o
  CC      net/core/bpf_sk_storage.o
  CC      drivers/gpu/drm/mediatek/mtk_disp_color.o
  CC      drivers/gpu/mediatek/gpu_mali/mali_valhall/mali-r32p1/drivers/gpu/arm/midgard/backend/gpu/mali_kbase_jm_hw.o
  CC      lib/radix-tree.o
  CC      drivers/gpu/drm/mediatek/mtk_disp_ccorr.o
  CC      lib/ratelimit.o
  AR      net/core/built-in.a
  CC      drivers/gpu/mediatek/gpu_mali/mali_valhall/mali-r32p1/drivers/gpu/arm/midgard/backend/gpu/mali_kbase_jm_rb.o
  CC      net/ethernet/eth.o
  CC      lib/rbtree.o
  CC      lib/seq_buf.o
  CC      drivers/gpu/mediatek/gpu_mali/mali_valhall/mali-r32p1/drivers/gpu/arm/midgard/mmu/mali_kbase_mmu.o
  CC      drivers/gpu/drm/mediatek/mtk_disp_gamma.o
  CC      lib/show_mem.o
  CC      lib/siphash.o
  AR      net/ethernet/built-in.a
  CC      drivers/gpu/drm/mediatek/mtk_disp_aal.o
  CC      drivers/gpu/mediatek/gpu_mali/mali_valhall/mali-r32p1/drivers/gpu/arm/midgard/mmu/mali_kbase_mmu_hw_direct.o
  CC      net/ipv4/route.o
  CC      lib/string.o
  CC      drivers/gpu/mediatek/gpu_mali/mali_valhall/mali-r32p1/drivers/gpu/arm/midgard/mmu/mali_kbase_mmu_mode_aarch64.o
  CC      lib/timerqueue.o
  CC      drivers/gpu/drm/mediatek/mtk_disp_dither.o
  CC      lib/vsprintf.o
  CC      drivers/gpu/mediatek/gpu_mali/mali_valhall/mali-r32p1/drivers/gpu/arm/midgard/mmu/backend/mali_kbase_mmu_jm.o
  CC      drivers/gpu/drm/mediatek/mtk_disp_ovl.o
  CC      drivers/gpu/mediatek/gpu_mali/mali_valhall/mali-r32p1/drivers/gpu/arm/midgard/tl/mali_kbase_timeline.o
  CC      net/ipv4/inetpeer.o
  CC      drivers/gpu/mediatek/gpu_mali/mali_valhall/mali-r32p1/drivers/gpu/arm/midgard/tl/mali_kbase_timeline_io.o
  CC      drivers/gpu/drm/mediatek/mtk_disp_rdma.o
  CC      lib/win_minmax.o
  CC      drivers/gpu/mediatek/gpu_mali/mali_valhall/mali-r32p1/drivers/gpu/arm/midgard/tl/mali_kbase_tlstream.o
  CC      net/ipv4/protocol.o
  AR      lib/lib.a
  EXPORTS lib/lib-ksyms.o
  AR      lib/built-in.a
  CC      drivers/gpu/mediatek/gpu_mali/mali_valhall/mali-r32p1/drivers/gpu/arm/midgard/tl/mali_kbase_tracepoints.o
  CC      drivers/hid/hid-core.o
  CC      drivers/gpu/drm/mediatek/mtk_disp_rsz.o
  CC      drivers/gpu/mediatek/gpu_mali/mali_valhall/mali-r32p1/drivers/gpu/arm/midgard/tl/backend/mali_kbase_timeline_jm.o
  CC      drivers/gpu/drm/mediatek/mtk_disp_wdma.o
  CC      net/ipv4/ip_input.o
  CC      drivers/gpu/mediatek/gpu_mali/mali_valhall/mali-r32p1/drivers/gpu/arm/midgard/gpu/mali_kbase_gpu.o
  CC      drivers/hid/hid-input.o
  CC      drivers/gpu/drm/mediatek/mtk_drm_crtc.o
  CC      net/ipv4/ip_fragment.o
  CC      drivers/gpu/mediatek/gpu_mali/mali_valhall/mali-r32p1/drivers/gpu/arm/midgard/gpu/backend/mali_kbase_gpu_fault_jm.o
  CC      drivers/gpu/mediatek/gpu_mali/mali_valhall/mali-r32p1/drivers/gpu/arm/midgard/thirdparty/mali_kbase_mmap.o
  CC      drivers/hid/hid-quirks.o
  CC      drivers/gpu/mediatek/gpu_mali/mali_valhall/mali-r32p1/drivers/gpu/arm/midgard/platform/mt6781/mali_kbase_config_mt6781.o
  CC      net/ipv4/ip_forward.o
  CC      drivers/hid/hidraw.o
  AR      drivers/gpu/mediatek/gpu_mali/mali_valhall/mali-r32p1/drivers/gpu/arm/midgard/built-in.a
  CC      drivers/gpu/mediatek/gpufreq/v1/mtk_gpufreq_common.o
  CC      net/ipv4/ip_options.o
  CC      drivers/gpu/mediatek/gpufreq/v1/mt6781/mtk_gpufreq_plat.o
  CC      drivers/hid/uhid.o
  CC      drivers/gpu/drm/mediatek/mtk_drm_ddp.o
  CC      drivers/hid/hid-generic.o
  AR      drivers/gpu/mediatek/gpufreq/v1/mt6781/built-in.a
  AR      drivers/gpu/mediatek/gpufreq/v1/built-in.a
  AR      drivers/gpu/mediatek/gpufreq/built-in.a
  CC      drivers/gpu/mediatek/hal/mtk_gpu_utility.o
  CC      net/ipv4/ip_output.o
  CC      drivers/hid/hid-a4tech.o
  CC      drivers/hid/hid-apple.o
  AR      drivers/gpu/mediatek/hal/built-in.a
  AR      drivers/gpu/mediatek/built-in.a
  CC      drivers/gpu/drm/mediatek/mtk_drm_ddp_addon.o
  CC      drivers/i2c/i2c-boardinfo.o
  CC      drivers/hid/hid-belkin.o
  CC      drivers/hid/hid-cherry.o
  CC      drivers/i2c/i2c-core-base.o
  CC      drivers/gpu/drm/mediatek/mtk_drm_ddp_comp.o
  CC      drivers/hid/hid-chicony.o
  CC      net/ipv4/ip_sockglue.o
  CC      drivers/hid/hid-cypress.o
  CC      drivers/gpu/drm/mediatek/mtk_drm_fb.o
  CC      drivers/hid/hid-dr.o
  CC      drivers/i2c/i2c-core-smbus.o
  CC      drivers/hid/hid-ezkey.o
  CC      drivers/gpu/drm/mediatek/mtk_drm_gem.o
  CC      drivers/hid/hid-gyration.o
  CC      net/ipv4/inet_hashtables.o
  CC      drivers/hid/hid-kensington.o
  CC      drivers/gpu/drm/mediatek/mtk_drm_plane.o
  CC      drivers/i2c/i2c-core-of.o
  CC      drivers/hid/hid-kye.o
  CC      drivers/i2c/i2c-mux.o
  CC      drivers/gpu/drm/mediatek/mtk_dsi.o
  CC      drivers/hid/hid-lg.o
  CC      drivers/hid/hid-magicmouse.o
  CC      drivers/i2c/algos/i2c-algo-bit.o
  CC      drivers/hid/hid-microsoft.o
  CC      net/ipv4/inet_timewait_sock.o
  AR      drivers/i2c/algos/built-in.a
  CC      drivers/hid/hid-monterey.o
  CC      drivers/i2c/busses/i2c-mtk.o
  CC      drivers/hid/hid-multitouch.o
  CC      drivers/hid/hid-nintendo.o
  CC      drivers/gpu/drm/mediatek/mtk_mipi_tx.o
  CC      net/ipv4/inet_connection_sock.o
  AR      drivers/i2c/busses/built-in.a
  AR      drivers/i2c/built-in.a
  CC      drivers/hid/hid-pl.o
  CC      net/ipv6/af_inet6.o
  CC      drivers/hid/hid-petalynx.o
  CC      drivers/gpu/drm/mediatek/mtk_writeback.o
  CC      drivers/hid/hid-playstation.o
  CC      drivers/hid/hid-samsung.o
  CC      net/ipv4/tcp.o
  CC      drivers/gpu/drm/mediatek/mtk_sync.o
  CC      drivers/hid/hid-sjoy.o
  CC      drivers/gpu/drm/mediatek/mtk_fence.o
  CC      net/ipv6/anycast.o
  CC      drivers/hid/hid-sony.o
  CC      drivers/gpu/drm/mediatek/mtk_drm_session.o
  CC      drivers/hid/hid-sunplus.o
  CC      net/ipv6/ip6_output.o
  CC      drivers/hid/hid-gaff.o
  CC      drivers/hid/hid-tmff.o
  CC      drivers/gpu/drm/mediatek/mtk_dump.o
  CC      net/ipv4/tcp_input.o
  CC      drivers/hid/hid-topseed.o
  CC      drivers/gpu/drm/mediatek/mtk_debug.o
  CC      drivers/hid/hid-twinhan.o
  CC      drivers/hid/hid-zpff.o
  CC      net/ipv6/ip6_input.o
  CC      drivers/hid/usbhid/hid-core.o
  CC      drivers/gpu/drm/mediatek/mtk_layering_rule.o
  AR      drivers/hid/usbhid/built-in.a
  AR      drivers/hid/built-in.a
  CC      net/ipv6/addrconf.o
  DTC     arch/arm64/boot/dts/mediatek/mt6781.dtb
In file included from ../arch/arm64/boot/dts/mediatek/mt6781.dts:19:
../scripts/dtc/include-prefixes/dt-bindings/pinctrl/mt6781-pinfunc.h:397:9: warning: 'PINMUX_GPIO61__FUNC_IO_JTAG_TDI' macro redefined [-Wmacro-redefined]
#define PINMUX_GPIO61__FUNC_IO_JTAG_TDI (MTK_PIN_NO(61) | 7)
        ^
../scripts/dtc/include-prefixes/dt-bindings/pinctrl/mt6781-pinfunc.h:396:9: note: previous definition is here
#define PINMUX_GPIO61__FUNC_IO_JTAG_TDI (MTK_PIN_NO(61) | 6)
        ^
../scripts/dtc/include-prefixes/dt-bindings/pinctrl/mt6781-pinfunc.h:406:9: warning: 'PINMUX_GPIO62__FUNC_IO_JTAG_TRSTN' macro redefined [-Wmacro-redefined]
#define PINMUX_GPIO62__FUNC_IO_JTAG_TRSTN (MTK_PIN_NO(62) | 7)
        ^
../scripts/dtc/include-prefixes/dt-bindings/pinctrl/mt6781-pinfunc.h:405:9: note: previous definition is here
#define PINMUX_GPIO62__FUNC_IO_JTAG_TRSTN (MTK_PIN_NO(62) | 6)
        ^
../scripts/dtc/include-prefixes/dt-bindings/pinctrl/mt6781-pinfunc.h:415:9: warning: 'PINMUX_GPIO63__FUNC_IO_JTAG_TCK' macro redefined [-Wmacro-redefined]
#define PINMUX_GPIO63__FUNC_IO_JTAG_TCK (MTK_PIN_NO(63) | 7)
        ^
../scripts/dtc/include-prefixes/dt-bindings/pinctrl/mt6781-pinfunc.h:414:9: note: previous definition is here
#define PINMUX_GPIO63__FUNC_IO_JTAG_TCK (MTK_PIN_NO(63) | 6)
        ^
../scripts/dtc/include-prefixes/dt-bindings/pinctrl/mt6781-pinfunc.h:424:9: warning: 'PINMUX_GPIO64__FUNC_IO_JTAG_TDO' macro redefined [-Wmacro-redefined]
#define PINMUX_GPIO64__FUNC_IO_JTAG_TDO (MTK_PIN_NO(64) | 7)
        ^
../scripts/dtc/include-prefixes/dt-bindings/pinctrl/mt6781-pinfunc.h:423:9: note: previous definition is here
#define PINMUX_GPIO64__FUNC_IO_JTAG_TDO (MTK_PIN_NO(64) | 6)
        ^
../scripts/dtc/include-prefixes/dt-bindings/pinctrl/mt6781-pinfunc.h:433:9: warning: 'PINMUX_GPIO65__FUNC_IO_JTAG_TMS' macro redefined [-Wmacro-redefined]
#define PINMUX_GPIO65__FUNC_IO_JTAG_TMS (MTK_PIN_NO(65) | 7)
        ^
../scripts/dtc/include-prefixes/dt-bindings/pinctrl/mt6781-pinfunc.h:432:9: note: previous definition is here
#define PINMUX_GPIO65__FUNC_IO_JTAG_TMS (MTK_PIN_NO(65) | 6)
        ^
../scripts/dtc/include-prefixes/dt-bindings/pinctrl/mt6781-pinfunc.h:442:9: warning: 'PINMUX_GPIO66__FUNC_DAP_MD32_SWD' macro redefined [-Wmacro-redefined]
#define PINMUX_GPIO66__FUNC_DAP_MD32_SWD (MTK_PIN_NO(66) | 7)
        ^
../scripts/dtc/include-prefixes/dt-bindings/pinctrl/mt6781-pinfunc.h:441:9: note: previous definition is here
#define PINMUX_GPIO66__FUNC_DAP_MD32_SWD (MTK_PIN_NO(66) | 6)
        ^
../scripts/dtc/include-prefixes/dt-bindings/pinctrl/mt6781-pinfunc.h:451:9: warning: 'PINMUX_GPIO67__FUNC_DAP_MD32_SWCK' macro redefined [-Wmacro-redefined]
#define PINMUX_GPIO67__FUNC_DAP_MD32_SWCK (MTK_PIN_NO(67) | 7)
        ^
../scripts/dtc/include-prefixes/dt-bindings/pinctrl/mt6781-pinfunc.h:450:9: note: previous definition is here
#define PINMUX_GPIO67__FUNC_DAP_MD32_SWCK (MTK_PIN_NO(67) | 6)
        ^
7 warnings generated.
  CC      drivers/gpu/drm/mediatek/mtk_layering_rule_base.o
  CC      net/ipv4/tcp_output.o
  CC      net/key/af_key.o
  CC      drivers/gpu/drm/mediatek/mtk_drm_mmp.o
  AR      net/key/built-in.a
  CC      net/ipv6/addrlabel.o
  CC      drivers/gpu/drm/mediatek/mtk_drm_trace.o
  CC      net/ipv4/tcp_timer.o
  CC      net/ipv6/route.o
  CC      drivers/gpu/drm/oplus/oplus_display_private_api.o
  CC      drivers/gpu/drm/mediatek/mtk_panel_ext.o
  CC      drivers/gpu/drm/mediatek/mtk_drm_helper.o
  CC      drivers/gpu/drm/oplus/oplus_display_panel_power.o
  CC      drivers/gpu/drm/mediatek/mtk_drm_lowpower.o
  CC      net/ipv4/tcp_ipv4.o
  CC      drivers/gpu/drm/oplus/oplus_display_common.o
  CC      drivers/gpu/drm/mediatek/mtk_disp_postmask.o
  CC      drivers/gpu/drm/oplus/oplus_display_dc.o
  CC      net/ipv6/ip6_fib.o
  CC      drivers/gpu/drm/oplus/oplus_display_onscreenfingerprint.o
  CC      drivers/gpu/drm/mediatek/mtk_drm_assert.o
  CC      net/ipv4/tcp_minisocks.o
  CC      drivers/gpu/drm/oplus/display_panel/oplus_display_panel.o
  AR      drivers/gpu/drm/oplus/display_panel/built-in.a
  CC      drivers/gpu/drm/oplus/oplus_display_mtk_debug.o
  CC      drivers/gpu/drm/mediatek/mtk_drm_fbconsole.o
  CC      net/ipv6/ipv6_sockglue.o
  AR      drivers/gpu/drm/oplus/built-in.a
  CC      drivers/gpu/drm/mediatek/mtk_disp_recovery.o
  CC      drivers/gpu/drm/panel/panel-boe-boe-ili7807s-vdo.o
  CC      net/ipv4/tcp_cong.o
  CC      drivers/gpu/drm/panel/panel-boe-ili7807s-60hz-vdo.o
  CC      drivers/gpu/drm/mediatek/mtk_disp_pmqos.o
  CC      net/ipv6/ndisc.o
  CC      drivers/gpu/drm/panel/panel-tm-nt36672c-60hz-vdo.o
  CC      drivers/gpu/drm/mediatek/mtk_disp_dsc.o
  CC      net/ipv4/tcp_metrics.o
  AR      drivers/gpu/drm/panel/built-in.a
  CC      net/ipv4/tcp_fastopen.o
  CC      drivers/gpu/drm/mediatek/mtk_disp_merge.o
  CC      net/l2tp/l2tp_core.o
  CC      net/ipv6/udp.o
  CC      drivers/gpu/drm/mediatek/mtk_dmdp_aal.o
  CC      net/ipv4/tcp_rate.o
  CC      drivers/gpu/drm/mediatek/mtk_fbconfig_kdebug.o
  CC      drivers/gpu/drm/mediatek/mtk_drm_fbdev.o
  CC      net/l2tp/l2tp_ppp.o
  CC      net/ipv6/udplite.o
  AR      drivers/gpu/drm/mediatek/built-in.a
  CC      net/ipv4/tcp_recovery.o
  AR      drivers/gpu/drm/built-in.a
  AR      drivers/gpu/built-in.a
  CC      drivers/iio/industrialio-core.o
  AR      net/l2tp/built-in.a
  CC      net/llc/llc_core.o
  CC      net/ipv6/raw.o
  CC      net/ipv4/tcp_ulp.o
  CC      drivers/iio/industrialio-event.o
  CC      net/llc/llc_input.o
  CC      drivers/iio/inkern.o
  CC      net/ipv4/tcp_offload.o
  CC      net/ipv6/icmp.o
  CC      net/llc/llc_output.o
  CC      drivers/iio/industrialio-buffer.o
  AR      net/llc/built-in.a
  CC      net/ipv4/datagram.o
  CC      drivers/iio/adc/mt635x-auxadc_v1.o
  CC      net/ipv6/mcast.o
  CC      net/netfilter/core.o
  CC      drivers/iio/adc/mt6577_auxadc.o
  AR      drivers/iio/adc/built-in.a
  CC      drivers/iio/buffer/kfifo_buf.o
  CC      net/ipv4/raw.o
  CC      net/netfilter/nf_log.o
  AR      drivers/iio/buffer/built-in.a
  CC      net/ipv6/reassembly.o
  AR      drivers/iio/built-in.a
  CC      drivers/input/input.o
  CC      net/ipv6/tcp_ipv6.o
  CC      net/ipv4/udp.o
  CC      net/netfilter/nf_queue.o
  CC      drivers/input/input-compat.o
  CC      drivers/input/input-mt.o
  CC      net/ipv6/ping.o
  CC      net/netfilter/nf_sockopt.o
  CC      drivers/input/ff-core.o
  CC      net/ipv4/udplite.o
  CC      drivers/input/ff-memless.o
  CC      net/netfilter/utils.o
  CC      net/ipv6/exthdrs.o
  CC      drivers/input/input-leds.o
  CC      drivers/input/evdev.o
  CC      net/ipv4/udp_offload.o
  CC      net/netfilter/nfnetlink.o
  CC      drivers/input/joystick/xpad.o
  CC      net/ipv6/datagram.o
  AR      drivers/input/joystick/built-in.a
  CC      drivers/input/keyboard/mediatek/kpd.o
  CC      net/ipv4/arp.o
  CC      net/netfilter/nfnetlink_queue.o
  CC      drivers/input/keyboard/mediatek/mt6781/hal_kpd.o
  CC      net/ipv6/ip6_flowlabel.o
  AR      drivers/input/keyboard/mediatek/mt6781/built-in.a
  AR      drivers/input/keyboard/mediatek/built-in.a
  AR      drivers/input/keyboard/built-in.a
  CC      drivers/input/misc/uinput.o
  CC      net/netfilter/nfnetlink_log.o
  CC      net/ipv4/icmp.o
  AR      drivers/input/misc/built-in.a
  CC      drivers/input/oplus_fp_drivers/goodix_optical_fp/gf_spi_tee.o
  CC      net/ipv6/inet6_connection_sock.o
  CC      net/netfilter/nf_conntrack_core.o
  CC      drivers/input/oplus_fp_drivers/goodix_optical_fp/gf_platform_mtk.o
  CC      net/ipv4/devinet.o
  CC      drivers/input/oplus_fp_drivers/goodix_optical_fp/gf_netlink.o
  CC      net/ipv6/udp_offload.o
  AR      drivers/input/oplus_fp_drivers/goodix_optical_fp/built-in.a
  CC      drivers/input/oplus_fp_drivers/oplus_fp_common/oplus_fp_common.o
  CC      net/netfilter/nf_conntrack_standalone.o
  CC      net/ipv6/seg6.o
  CC      net/ipv4/af_inet.o
  CC      drivers/input/oplus_fp_drivers/oplus_fp_common/fingerprint_event.o
  AR      drivers/input/oplus_fp_drivers/oplus_fp_common/built-in.a
  CC      net/ipv6/fib6_notifier.o
  CC      drivers/input/oplus_fp_drivers/silead/silead_fp.o
  CC      net/netfilter/nf_conntrack_expect.o
  CC      net/ipv6/sysctl_net_ipv6.o
  CC      net/ipv4/igmp.o
  CC      net/ipv6/ip6mr.o
  AR      drivers/input/oplus_fp_drivers/silead/built-in.a
  AR      drivers/input/oplus_fp_drivers/built-in.a
  CC      drivers/input/oplus_secure_drivers/oplus_secure_common/oplus_secure_common.o
  CC      net/netfilter/nf_conntrack_helper.o
  AR      drivers/input/oplus_secure_drivers/oplus_secure_common/built-in.a
  AR      drivers/input/oplus_secure_drivers/built-in.a
  CC      drivers/input/touchscreen/of_touchscreen.o
  CC      drivers/input/touchscreen/GT9896S/goodix_ts_spi.o
  CC      net/ipv4/fib_frontend.o
  CC      net/netfilter/nf_conntrack_proto.o
  CC      drivers/input/touchscreen/GT9896S/goodix_ts_core.o
  CC      net/ipv6/xfrm6_policy.o
  CC      net/ipv6/xfrm6_state.o
  CC      drivers/input/touchscreen/GT9896S/goodix_cfg_bin.o
  CC      net/ipv4/fib_semantics.o
  CC      net/netfilter/nf_conntrack_proto_generic.o
  CC      drivers/input/touchscreen/GT9896S/goodix_gtx8_update.o
  CC      net/ipv6/xfrm6_input.o
  CC      net/netfilter/nf_conntrack_proto_tcp.o
  AR      drivers/input/touchscreen/GT9896S/built-in.a
  CC      drivers/input/touchscreen/oplus_touchscreen/ilitek/ilitek9882n/ili9882n_qcom.o
  CC      net/ipv4/fib_trie.o
  CC      net/ipv6/xfrm6_output.o
  CC      net/netfilter/nf_conntrack_proto_udp.o
  CC      drivers/input/touchscreen/oplus_touchscreen/ilitek/ilitek9882n/ili9882n_ic.o
  CC      net/ipv6/xfrm6_protocol.o
  CC      net/ipv4/fib_notifier.o
  CC      net/netfilter/nf_conntrack_proto_icmp.o
  CC      drivers/input/touchscreen/oplus_touchscreen/ilitek/ilitek9882n/ili9882n_mp.o
  CC      net/ipv4/inet_fragment.o
  CC      net/ipv6/netfilter.o
  CC      net/netfilter/nf_conntrack_extend.o
../drivers/input/touchscreen/oplus_touchscreen/ilitek/ilitek9882n/ili9882n_mp.c:650:28: warning: variable 'banchmark_flag' set but not used [-Wunused-but-set-variable]
    int i, n = 0, ret = 0, banchmark_flag = 0, empty_section, nodetype_flag = 0;
                           ^
../drivers/input/touchscreen/oplus_touchscreen/ilitek/ilitek9882n/ili9882n_mp.c:650:63: warning: variable 'nodetype_flag' set but not used [-Wunused-but-set-variable]
    int i, n = 0, ret = 0, banchmark_flag = 0, empty_section, nodetype_flag = 0;
                                                              ^
  CC      net/ipv6/fib6_rules.o
  CC      net/netfilter/nf_conntrack_acct.o
  CC      net/ipv4/ping.o
2 warnings generated.
  CC      drivers/input/touchscreen/oplus_touchscreen/ilitek/ilitek9882n/ili9882n_fw.o
  CC      net/ipv6/proc.o
../drivers/input/touchscreen/oplus_touchscreen/ilitek/ilitek9882n/ili9882n_fw.c:580:9: warning: variable 'ges_area_section' set but not used [-Wunused-but-set-variable]
    u32 ges_area_section = 0, ges_info_addr = 0,
        ^
  CC      net/netfilter/nf_conntrack_seqadj.o
1 warning generated.
  CC      drivers/input/touchscreen/oplus_touchscreen/ilitek/ilitek9882n/ili9882n_node.o
  CC      net/ipv4/ip_tunnel_core.o
  CC      net/ipv6/syncookies.o
../drivers/input/touchscreen/oplus_touchscreen/ilitek/ilitek9882n/ili9882n_node.c:2648:16: warning: variable 'ret' set but not used [-Wunused-but-set-variable]
    int i = 0, ret = 0;
               ^
  CC      net/netfilter/nf_conntrack_proto_icmpv6.o
1 warning generated.
  AR      drivers/input/touchscreen/oplus_touchscreen/ilitek/ilitek9882n/built-in.a
  AR      drivers/input/touchscreen/oplus_touchscreen/ilitek/built-in.a
  CC      net/ipv4/gre_offload.o
  CC      drivers/input/touchscreen/oplus_touchscreen/util_interface/touch_interfaces.o
  CC      net/ipv6/ah6.o
  AR      drivers/input/touchscreen/oplus_touchscreen/util_interface/built-in.a
  CC      drivers/input/touchscreen/oplus_touchscreen/touchpanel_common_driver.o
  CC      net/netfilter/nf_conntrack_ecache.o
  CC      net/ipv4/metrics.o
  CC      net/ipv6/esp6.o
  CC      net/netfilter/nf_conntrack_proto_dccp.o
  CC      net/ipv4/netlink.o
  CC      drivers/input/touchscreen/oplus_touchscreen/touchpanel_healthinfo.o
  CC      net/ipv6/ipcomp6.o
  CC      net/ipv4/udp_tunnel_stub.o
  CC      net/netfilter/nf_conntrack_proto_sctp.o
  CC      net/ipv6/xfrm6_tunnel.o
  CC      drivers/input/touchscreen/oplus_touchscreen/touchpanel_exception.o
  CC      net/ipv4/ip_tunnel.o
  CC      net/netfilter/nf_conntrack_proto_gre.o
  AR      drivers/input/touchscreen/oplus_touchscreen/built-in.a
  CC      drivers/input/touchscreen/touch.o
  CC      net/ipv6/tunnel6.o
  CC      net/ipv4/sysctl_net_ipv4.o
  CC      net/netfilter/nf_conntrack_netlink.o
  CC      net/ipv6/xfrm6_mode_transport.o
  CC      net/ipv4/proc.o
  CC      net/ipv6/xfrm6_mode_tunnel.o
  CC      net/netfilter/nf_conntrack_amanda.o
  CC      net/ipv4/fib_rules.o
  CC      net/ipv6/xfrm6_mode_ro.o
  CC      net/ipv6/xfrm6_mode_beet.o
  CC      net/netfilter/nf_conntrack_ftp.o
  CC      net/ipv4/ipmr.o
  CC      net/ipv6/mip6.o
  CC      net/netfilter/nf_conntrack_h323_main.o
  CC      net/ipv6/netfilter/ip6_tables.o
  CC      net/ipv4/ipmr_base.o
  CC      net/netfilter/nf_conntrack_irc.o
  CC      net/ipv6/netfilter/ip6table_filter.o
  CC      net/ipv4/ipip.o
  CC      net/ipv6/netfilter/ip6table_mangle.o
  CC      net/netfilter/nf_conntrack_broadcast.o
  CC      net/ipv4/gre_demux.o
  CC      net/ipv6/netfilter/ip6table_raw.o
  CC      net/ipv6/netfilter/nf_nat_l3proto_ipv6.o
  CC      net/netfilter/nf_conntrack_netbios_ns.o
  CC      net/ipv4/udp_tunnel_core.o
  CC      net/netfilter/nf_conntrack_pptp.o
  CC      net/ipv6/netfilter/nf_nat_proto_icmpv6.o
  CC      net/ipv4/udp_tunnel_nic.o
  CC      net/ipv6/netfilter/nf_defrag_ipv6_hooks.o
  CC      net/netfilter/nf_conntrack_sane.o
  CC      net/ipv4/ip_vti.o
  CC      net/netfilter/nf_conntrack_tftp.o
  CC      net/ipv6/netfilter/nf_conntrack_reasm.o
  CC      net/ipv4/syncookies.o
  CC      net/netfilter/nf_nat_core.o
  CC      net/ipv6/netfilter/nf_socket_ipv6.o
  CC      net/ipv4/ah4.o
  CC      net/ipv6/netfilter/nf_tproxy_ipv6.o
  CC      net/ipv4/esp4.o
  CC      net/netfilter/nf_nat_proto_unknown.o
  CC      net/netfilter/nf_nat_proto_common.o
  CC      net/ipv6/netfilter/nf_reject_ipv6.o
  CC      net/ipv4/ipcomp.o
  CC      net/ipv6/netfilter/ip6t_frag.o
  CC      net/netfilter/nf_nat_proto_udp.o
  CC      net/ipv4/xfrm4_tunnel.o
  CC      net/ipv6/netfilter/ip6t_ipv6header.o
  CC      net/netfilter/nf_nat_proto_tcp.o
  CC      net/ipv4/xfrm4_mode_beet.o
  CC      net/ipv6/netfilter/ip6t_rpfilter.o
  CC      net/ipv4/tunnel4.o
  CC      net/netfilter/nf_nat_helper.o
  CC      net/ipv6/netfilter/ip6t_REJECT.o
  CC      net/ipv4/xfrm4_mode_transport.o
  AR      net/ipv6/netfilter/built-in.a
  CC      net/ipv6/ip6_vti.o
  CC      net/netfilter/nf_nat_proto_dccp.o
  CC      net/ipv4/xfrm4_mode_tunnel.o
  CC      net/netfilter/nf_nat_proto_sctp.o
  CC      net/ipv6/sit.o
  CC      net/ipv4/ipconfig.o
  CC      net/netfilter/nf_nat_redirect.o
  AR      drivers/input/touchscreen/built-in.a
  AR      drivers/input/built-in.a
  CC      drivers/iommu/iommu.o
  CC      net/ipv4/netfilter.o
  CC      net/ipv6/ip6_tunnel.o
  CC      drivers/iommu/iommu-traces.o
  CC      net/netfilter/nf_nat_amanda.o
  CC      net/ipv4/netfilter/nf_nat_l3proto_ipv4.o
  CC      net/netfilter/nf_nat_ftp.o
  CC      drivers/iommu/iommu-sysfs.o
  CC      net/ipv6/addrconf_core.o
  CC      net/netfilter/nf_nat_irc.o
  CC      drivers/iommu/dma-iommu.o
  CC      net/ipv4/netfilter/nf_nat_proto_icmp.o
  CC      net/ipv6/exthdrs_core.o
  CC      net/netfilter/nf_nat_tftp.o
  CC      net/ipv4/netfilter/nf_nat_masquerade_ipv4.o
  CC      drivers/iommu/io-pgtable.o
  CC      net/netfilter/nf_conncount.o
  CC      drivers/iommu/io-pgtable-arm-v7s.o
  CC      net/ipv6/ip6_checksum.o
  CC      net/ipv4/netfilter/nf_defrag_ipv4.o
  CC      drivers/iommu/iova.o
  CC      net/netfilter/x_tables.o
  CC      net/ipv6/ip6_icmp.o
  CC      drivers/iommu/of_iommu.o
  CC      net/ipv4/netfilter/nf_socket_ipv4.o
  CC      drivers/iommu/mtk_iommu_v2.o
  CC      net/ipv6/output_core.o
  CC      net/netfilter/xt_tcpudp.o
  CC      net/ipv4/netfilter/nf_tproxy_ipv4.o
  CC      net/netfilter/xt_mark.o
  CC      drivers/iommu/mtk_iommu_ext.o
  CC      net/ipv6/protocol.o
  AR      drivers/iommu/built-in.a
  CC      net/netfilter/xt_connmark.o
  CC      drivers/irqchip/irqchip.o
  CC      drivers/irqchip/irq-gic.o
  CC      net/ipv4/netfilter/nf_reject_ipv4.o
  CC      net/ipv6/ip6_offload.o
  CC      net/netfilter/xt_nat.o
  CC      drivers/irqchip/irq-gic-common.o
  CC      drivers/irqchip/irq-gic-v3.o
  CC      net/ipv6/tcpv6_offload.o
  CC      net/netfilter/xt_CLASSIFY.o
  CC      net/ipv4/netfilter/nf_nat_h323.o
  CC      drivers/irqchip/irq-gic-v3-mbi.o
  CC      net/netfilter/xt_CONNSECMARK.o
  CC      net/ipv6/exthdrs_offload.o
  CC      net/ipv4/netfilter/nf_nat_pptp.o
  CC      drivers/irqchip/irq-gic-v3-its.o
  CC      net/netfilter/xt_CT.o
  CC      net/ipv6/inet6_hashtables.o
  CC      net/ipv4/netfilter/nf_nat_proto_gre.o
  CC      net/netfilter/xt_HL.o
  CC      drivers/irqchip/irq-gic-v3-its-platform-msi.o
  CC      drivers/irqchip/irq-gic-v4.o
  CC      net/ipv6/ip6_udp_tunnel.o
  CC      drivers/irqchip/irq-partition-percpu.o
  CC      net/ipv4/netfilter/ip_tables.o
  CC      net/netfilter/xt_NETMAP.o
  CC      drivers/irqchip/irq-mtk-sysirq.o
  CC      net/netfilter/xt_NFLOG.o
  CC      drivers/irqchip/irq-mtk-cirq.o
  CC      net/ipv6/mcast_snoop.o
  AR      drivers/irqchip/built-in.a
-- KernelSU-Next version: 12851
-- KernelSU-Next Manager signature size: 0x3e6
-- KernelSU-Next Manager signature hash: 79e590113c4c4c0c222978e413a5faa801666957b1212a328e46c00c69821bf7
  CC      net/netfilter/xt_NFQUEUE.o
  CC      drivers/kernelsu/ksu.o
  CC      net/ipv4/netfilter/iptable_filter.o
  CC      drivers/kernelsu/allowlist.o
  CC      net/netfilter/xt_REDIRECT.o
  AR      net/ipv6/built-in.a
  CC      net/netlink/af_netlink.o
  CC      drivers/kernelsu/apk_sign.o
  CC      net/ipv4/netfilter/iptable_mangle.o
  CC      net/netfilter/xt_SECMARK.o
  CC      net/ipv4/netfilter/iptable_nat.o
  CC      drivers/kernelsu/sucompat.o
  CC      net/netfilter/xt_TPROXY.o
  CC      drivers/kernelsu/throne_tracker.o
  CC      net/ipv4/netfilter/iptable_raw.o
  CC      net/netfilter/xt_TCPMSS.o
  CC      net/netlink/genetlink.o
  CC      drivers/kernelsu/core_hook.o
  CC      net/ipv4/netfilter/iptable_security.o
  CC      net/netfilter/xt_TRACE.o
  CC      net/netfilter/xt_IDLETIMER.o
  CC      drivers/kernelsu/ksud.o
  CC      net/ipv4/netfilter/ipt_ah.o
  AR      net/netlink/built-in.a
  CC      drivers/leds/led-core.o
  CC      net/ipv4/netfilter/ipt_MASQUERADE.o
  CC      drivers/leds/led-class.o
  CC      net/netfilter/xt_bpf.o
  CC      drivers/kernelsu/kernel_compat.o
  CC      drivers/leds/led-triggers.o
  CC      net/netfilter/xt_comment.o
  CC      net/ipv4/netfilter/ipt_REJECT.o
  CC      drivers/kernelsu/selinux/selinux.o
  CC      drivers/leds/trigger/ledtrig-timer.o
  CC      net/netfilter/xt_connbytes.o
  CC      drivers/leds/trigger/ledtrig-backlight.o
  CC      net/ipv4/netfilter/arp_tables.o
  CC      drivers/kernelsu/selinux/sepolicy.o
  AR      drivers/leds/trigger/built-in.a
  AR      drivers/leds/built-in.a
  CC      drivers/mailbox/mailbox.o
  CC      net/netfilter/xt_connlimit.o
  CC      drivers/kernelsu/selinux/rules.o
  CC      drivers/mailbox/mtk-cmdq-mailbox.o
  CC      net/netfilter/xt_conntrack.o
  CC      net/ipv4/netfilter/arpt_mangle.o
  AR      drivers/kernelsu/built-in.a
  CC      net/ipv4/inet_diag.o
  CC      net/ipv4/netfilter/arptable_filter.o
  CC      net/netfilter/xt_ecn.o
  AR      drivers/mailbox/built-in.a
  CC      drivers/md/dm-uevent.o
  AR      net/ipv4/netfilter/built-in.a
  CC      net/ipv4/tcp_diag.o
  CC      net/netfilter/xt_esp.o
  CC      net/oplus_connectivity_sla/oplus_connectivity_sla.o
  CC      drivers/md/dm.o
  CC      net/ipv4/udp_diag.o
  CC      net/netfilter/xt_hashlimit.o
  CC      net/ipv4/tcp_bic.o
  AR      net/oplus_connectivity_sla/built-in.a
  CC      drivers/media/common/videobuf2/videobuf2-core.o
  CC      net/netfilter/xt_helper.o
  CC      drivers/md/dm-table.o
  CC      net/ipv4/tcp_cubic.o
  CC      net/netfilter/xt_hl.o
  CC      drivers/media/common/videobuf2/vb2-trace.o
  CC      net/ipv4/xfrm4_policy.o
  CC      drivers/md/dm-target.o
  CC      net/netfilter/xt_iprange.o
  CC      drivers/media/common/videobuf2/videobuf2-v4l2.o
  CC      net/ipv4/xfrm4_state.o
  CC      net/netfilter/xt_l2tp.o
  CC      drivers/md/dm-linear.o
  CC      drivers/media/common/videobuf2/videobuf2-memops.o
  CC      drivers/md/dm-stripe.o
  CC      net/ipv4/xfrm4_input.o
  CC      net/netfilter/xt_length.o
  CC      drivers/media/common/videobuf2/videobuf2-dma-contig.o
  CC      drivers/md/dm-ioctl.o
  CC      net/netfilter/xt_limit.o
  CC      net/ipv4/xfrm4_output.o
  AR      drivers/media/common/videobuf2/built-in.a
  AR      drivers/media/common/built-in.a
  CC      net/netfilter/xt_mac.o
  CC      drivers/md/dm-io.o
  CC      drivers/media/platform/mtk-jpeg/mtk_jpeg_core.o
  CC      net/netfilter/xt_multiport.o
  CC      drivers/md/dm-kcopyd.o
  CC      drivers/media/platform/mtk-jpeg/mtk_jpeg_enc_hw.o
  CC      net/ipv4/xfrm4_protocol.o
  CC      net/netfilter/xt_owner.o
  CC      drivers/media/platform/mtk-jpeg/mtk_jpeg_dec_hw.o
  CC      drivers/media/platform/mtk-jpeg/mtk_jpeg_dec_parse.o
  CC      drivers/md/dm-sysfs.o
  CC      net/netfilter/xt_physdev.o
  CC      net/ipv4/bpf_tcp_ca.o
  AR      drivers/media/platform/mtk-jpeg/built-in.a
  CC      drivers/media/platform/mtk-vcodec/mtk_vcodec_dec_drv.o
  CC      drivers/md/dm-stats.o
  CC      net/netfilter/xt_pkttype.o
  CC [M]  net/ipv4/tcp_westwood.o
  CC      drivers/media/platform/mtk-vcodec/vdec_drv_if.o
  CC      drivers/md/dm-rq.o
  CC      net/netfilter/xt_policy.o
  CC      drivers/media/platform/mtk-vcodec/mtk_vcodec_dec.o
  CC [M]  net/ipv4/tcp_htcp.o
  CC      net/netfilter/xt_quota.o
  CC      drivers/md/dm-builtin.o
  AR      net/ipv4/built-in.a
  CC      drivers/memory/mtk-smi.o
  CC      drivers/media/platform/mtk-vcodec/mt6781/mtk_vcodec_dec_pm.o
  CC      net/netfilter/xt_quota2.o
  CC      drivers/memory/mediatek/emicen_old.o
  CC      drivers/md/dm-bufio.o
  CC      drivers/media/platform/mtk-vcodec/vdec/vdec_common_if.o
  CC      net/netfilter/xt_realm.o
  CC      drivers/media/platform/mtk-vcodec/vdec/vdec_log_if.o
  CC      drivers/memory/mediatek/emimpu_old.o
  CC      net/netfilter/xt_recent.o
  CC      drivers/md/dm-crypt.o
  CC      drivers/media/platform/mtk-vcodec/vdec_vcu_if.o
  CC      drivers/memory/mediatek/emiisu_old.o
  CC      net/netfilter/xt_sctp.o
  CC      drivers/media/platform/mtk-vcodec/mtk_vcodec_enc.o
  AR      drivers/memory/mediatek/built-in.a
  AR      drivers/memory/built-in.a
  CC      drivers/media/platform/mtk-vcu/mtk_vcu.o
  CC      drivers/md/dm-default-key.o
  CC      net/netfilter/xt_socket.o
  CC      drivers/md/dm-snap.o
  CC      drivers/media/platform/mtk-vcodec/mtk_vcodec_enc_drv.o
  CC      net/netfilter/xt_state.o
  CC      drivers/media/platform/mtk-vcodec/mt6781/mtk_vcodec_enc_pm.o
  CC      drivers/media/platform/mtk-vcu/mtk_vcodec_mem.o
  CC      drivers/md/dm-exception-store.o
  CC      drivers/media/platform/mtk-vcodec/venc_drv_if.o
  AR      drivers/media/platform/mtk-vcu/built-in.a
  CC      drivers/mfd/mfd-core.o
  CC      net/netfilter/xt_statistic.o
  CC      drivers/media/platform/mtk-vcodec/venc/venc_common_if.o
  CC      drivers/md/dm-snap-transient.o
  CC      drivers/mfd/syscon.o
  CC      net/netfilter/xt_string.o
  CC      drivers/md/dm-snap-persistent.o
  CC      drivers/media/platform/mtk-vcodec/venc/venc_log_if.o
  CC      drivers/mfd/mt6358-core.o
  CC      net/netfilter/xt_tcpmss.o
  CC      drivers/media/platform/mtk-vcodec/venc_vcu_if.o
  CC      drivers/md/dm-verity-fec.o
  CC      drivers/mfd/mt635x-ot-debug.o
  CC      net/netfilter/xt_time.o
  CC      drivers/media/platform/mtk-vcodec/mt6781/mtk_vcodec_intr.o
  CC      drivers/md/dm-verity-target.o
  CC      drivers/mfd/mt6358-misc.o
  CC      net/netfilter/xt_u32.o
  CC      drivers/md/dm-bow.o
  CC      drivers/media/platform/mtk-vcodec/mtk_vcodec_util.o
  AR      net/netfilter/built-in.a
  AR      drivers/mfd/built-in.a
  CC      net/oplus_modules/oplus_stats_calc/oplus_stats_calc.o
  CC      net/oplus_score/oplus_score.o
  CC      drivers/md/dm-user.o
  CC      drivers/media/platform/mtk-vcodec/mt6781/vcodec_dvfs.o
  CC      drivers/media/platform/mtk-vcodec/mt6781/vcodec_bw.o
  AR      net/oplus_modules/oplus_stats_calc/built-in.a
  AR      net/oplus_modules/built-in.a
  AR      drivers/md/built-in.a
  AR      net/oplus_score/built-in.a
  AR      drivers/media/platform/mtk-vcodec/built-in.a
  CC      drivers/media/v4l2-core/v4l2-dev.o
  AR      drivers/media/platform/built-in.a
  CC      net/oplus_wificapcenter/oplus_wificapcenter.o
  CC      drivers/misc/mediatek/accdet/accdet_drv.o
  CC      drivers/mmc/core/core.o
  CC      drivers/misc/mediatek/accdet/mt6358/accdet.o
  CC      drivers/media/v4l2-core/v4l2-ioctl.o
  AR      net/oplus_wificapcenter/built-in.a
  CC      net/packet/af_packet.o
  AR      drivers/misc/mediatek/accdet/mt6358/built-in.a
  AR      drivers/misc/mediatek/accdet/built-in.a
  CC      drivers/misc/mediatek/adsp/mt6781/../common_v2/adsp_core.o
  CC      drivers/mmc/core/bus.o
  CC      drivers/misc/mediatek/adsp/mt6781/../common_v2/adsp_fs.o
  CC      drivers/media/v4l2-core/v4l2-device.o
  CC      drivers/mmc/core/host.o
  CC      drivers/misc/mediatek/adsp/mt6781/../common_v2/adsp_semaphore.o
  CC      drivers/misc/mediatek/adsp/mt6781/../common_v2/adsp_logger.o
  CC      drivers/media/v4l2-core/v4l2-fh.o
  CC      drivers/misc/mediatek/adsp/mt6781/../common_v2/adsp_feature_table.o
  CC      drivers/mmc/core/mmc.o
  CC      drivers/media/v4l2-core/v4l2-event.o
  AR      net/packet/built-in.a
  CC      net/sched/sch_generic.o
  CC      drivers/misc/mediatek/adsp/mt6781/../common_v2/adsp_timesync.o
  CC      drivers/mmc/core/mmc_ops.o
  AR      drivers/misc/mediatek/adsp/mt6781/../common_v2/built-in.a
  CC      drivers/misc/mediatek/adsp/mt6781/adsp_awake.o
  CC      drivers/media/v4l2-core/v4l2-ctrls.o
  CC      drivers/misc/mediatek/adsp/mt6781/adsp_clk.o
  CC      drivers/misc/mediatek/adsp/mt6781/adsp_bus_monitor.o
  CC      drivers/mmc/core/sd.o
  CC      drivers/misc/mediatek/adsp/mt6781/adsp_reserved_mem.o
  CC      net/sched/sch_mq.o
  CC      drivers/misc/mediatek/adsp/mt6781/adsp_platform_driver.o
  CC      drivers/mmc/core/sd_ops.o
  CC      drivers/media/v4l2-core/v4l2-subdev.o
  CC      net/sched/sch_api.o
  CC      drivers/misc/mediatek/adsp/mt6781/adsp_platform.o
  CC      drivers/mmc/core/sdio.o
  CC      drivers/media/v4l2-core/v4l2-clk.o
  CC      drivers/misc/mediatek/adsp/mt6781/adsp_ipi.o
  CC      drivers/mmc/core/sdio_ops.o
  AR      drivers/misc/mediatek/adsp/mt6781/built-in.a
  AR      drivers/misc/mediatek/adsp/built-in.a
  CC      drivers/misc/mediatek/atf/atf_logger.o
  CC      drivers/media/v4l2-core/v4l2-async.o
  CC      drivers/mmc/core/sdio_bus.o
  AR      drivers/misc/mediatek/atf/built-in.a
  CC      drivers/misc/mediatek/audio_ipi/common_v2/framework/audio_ringbuf.o
  CC      drivers/misc/mediatek/audio_ipi/common_v2/framework/audio_ipi_dma.o
  CC      drivers/media/v4l2-core/v4l2-compat-ioctl32.o
  CC      net/sched/sch_blackhole.o
  CC      drivers/mmc/core/sdio_cis.o
  CC      drivers/misc/mediatek/audio_ipi/common_v2/framework/audio_ipi_driver.o
  CC      net/sched/cls_api.o
  CC      drivers/mmc/core/sdio_io.o
  CC      drivers/misc/mediatek/audio_ipi/common_v2/framework/audio_ipi_queue.o
  CC      drivers/mmc/core/sdio_irq.o
  CC      drivers/misc/mediatek/audio_ipi/common_v2/framework/audio_messenger_ipi.o
  CC      drivers/media/v4l2-core/v4l2-trace.o
  CC      drivers/misc/mediatek/audio_ipi/common_v2/framework/audio_task_manager.o
  CC      drivers/misc/mediatek/audio_ipi/common_v2/framework/adsp_ipi_queue.o
  CC      drivers/mmc/core/slot-gpio.o
  CC      net/sched/act_api.o
  AR      drivers/misc/mediatek/audio_ipi/common_v2/framework/built-in.a
  AR      drivers/misc/mediatek/audio_ipi/common_v2/built-in.a
  CC      drivers/misc/mediatek/audio_ipi/mt6785/audio_ipi_platform.o
  CC      drivers/media/v4l2-core/v4l2-mc.o
  CC      drivers/mmc/core/lock.o
  AR      drivers/misc/mediatek/audio_ipi/mt6785/built-in.a
  AR      drivers/misc/mediatek/audio_ipi/built-in.a
  CC      drivers/misc/mediatek/base/power/clkbuf_v1/mtk_clkbuf_ctl.o
  CC      drivers/mmc/core/sysfs.o
  CC      drivers/media/v4l2-core/v4l2-common.o
  CC      drivers/misc/mediatek/base/power/clkbuf_v1/mt6768/mtk_clkbuf_hw.o
  CC      drivers/mmc/core/pwrseq.o
  CC      net/sched/act_police.o
  CC      drivers/mmc/core/pwrseq_simple.o
  CC      drivers/media/v4l2-core/v4l2-dv-timings.o
  CC      drivers/mmc/core/pwrseq_emmc.o
  CC      net/sched/act_mirred.o
  AR      drivers/misc/mediatek/base/power/clkbuf_v1/mt6768/built-in.a
  AR      drivers/misc/mediatek/base/power/clkbuf_v1/built-in.a
  CC      drivers/misc/mediatek/base/power/cm_mgr_v1/mtk_cm_mgr.o
  CC      drivers/mmc/core/block.o
  CC      net/sched/act_ipt.o
  CC      drivers/media/v4l2-core/v4l2-mem2mem.o
  CC      drivers/misc/mediatek/base/power/cm_mgr_v1/mt6781/mtk_cm_mgr_platform.o
  CC      net/sched/act_bpf.o
  CC      drivers/mmc/core/queue.o
  AR      drivers/media/v4l2-core/built-in.a
  CC      drivers/media/media-device.o
  AR      drivers/misc/mediatek/base/power/cm_mgr_v1/mt6781/built-in.a
  AR      drivers/misc/mediatek/base/power/cm_mgr_v1/built-in.a
  AR      drivers/mmc/core/built-in.a
  CC      drivers/misc/mediatek/base/power/cpufreq_v1/src/v2/mtk_cpufreq_main.o
  CC      drivers/mmc/host/mtk-sd.o
  CC      net/sched/sch_fifo.o
  CC      drivers/media/media-devnode.o
  CC      drivers/misc/mediatek/base/power/cpufreq_v1/src/v2/mtk_cpufreq_interface.o
  CC      drivers/media/media-entity.o
  CC      net/sched/sch_htb.o
  CC      drivers/mmc/host/mtk-sd-dbg.o
  CC      drivers/misc/mediatek/base/power/cpufreq_v1/src/v2/mtk_cpufreq_api.o
  CC      drivers/media/media-request.o
  CC      drivers/mmc/host/cqhci.o
  CC      net/sched/sch_ingress.o
  AR      drivers/media/built-in.a
  CC      drivers/misc/mediatek/boot/mtk_boot_common.o
  CC      drivers/misc/mediatek/base/power/cpufreq_v1/src/v2/mtk_cpufreq_debug.o
  CC      net/sched/sch_tbf.o
  CC      drivers/mmc/host/sdInfo/sdinfo.o
  CC      drivers/misc/mediatek/base/power/cpufreq_v1/src/v2/mtk_cpufreq_hybrid.o
  AR      drivers/mmc/host/sdInfo/built-in.a
  AR      drivers/mmc/host/built-in.a
  AR      drivers/mmc/built-in.a
  AR      drivers/misc/mediatek/boot/built-in.a
  CC      net/sched/cls_u32.o
  CC      drivers/misc/mediatek/boot_reason/mtk_boot_reason.o
  CC      net/sctp/sm_statetable.o
  AR      drivers/misc/mediatek/boot_reason/built-in.a
  CC      drivers/misc/mediatek/base/power/cpufreq_v1/src/mach/mt6781/mtk_cpufreq_platform.o
  CC      drivers/misc/mediatek/base/power/cpuhotplug/mtk_cpuhp_core.o
  CC      net/sctp/sm_statefuns.o
  CC      net/sched/cls_fw.o
  AR      drivers/misc/mediatek/base/power/cpufreq_v1/src/mach/mt6781/built-in.a
  AR      drivers/misc/mediatek/base/power/cpufreq_v1/src/mach/built-in.a
  CC      drivers/misc/mediatek/base/power/cpuhotplug/mtk_cpuhp_ppm.o
  AR      drivers/misc/mediatek/base/power/cpufreq_v1/src/built-in.a
  AR      drivers/misc/mediatek/base/power/cpufreq_v1/built-in.a
  CC      drivers/misc/mediatek/base/power/dcm_v1/mt6781/mtk_dcm_autogen.o
  AR      drivers/misc/mediatek/base/power/cpuhotplug/built-in.a
  CC      net/sctp/sm_sideeffect.o
  CC      drivers/misc/mediatek/base/power/dcm_v1/mt6781/mtk_dcm_internal.o
  CC      net/sched/cls_flow.o
  AR      drivers/misc/mediatek/base/power/dcm_v1/mt6781/built-in.a
  CC      drivers/misc/mediatek/base/power/dcm_v1/mtk_dcm.o
  AR      drivers/misc/mediatek/base/power/dcm_v1/built-in.a
  CC      net/sched/cls_bpf.o
  CC      drivers/misc/mediatek/base/power/eem_v2/mt6781/mtk_eem.o
  CC      net/sched/cls_matchall.o
  CC      net/sctp/protocol.o
  CC      net/unix/af_unix.o
  CC      net/sched/ematch.o
  CC      net/sctp/endpointola.o
  CC      net/sctp/associola.o
  CC      drivers/misc/mediatek/base/power/eem_v2/mt6781/mtk_eem_platform.o
  CC      net/sched/em_u32.o
  CC      drivers/misc/mediatek/base/power/eem_v2/mt6781/mtk_eem_internal.o
  AR      net/sched/built-in.a
  CC      net/unix/garbage.o
  CC      drivers/net/dummy.o
  CC      drivers/misc/mediatek/base/power/eem_v2/mt6781/mtk_eem_api.o
  CC      net/sctp/transport.o
  AR      drivers/misc/mediatek/base/power/eem_v2/mt6781/built-in.a
  AR      drivers/misc/mediatek/base/power/eem_v2/built-in.a
  CC      drivers/misc/mediatek/base/power/leakage_table_v2/mtk_static_power.o
  CC      net/unix/sysctl_net_unix.o
  CC      drivers/net/phy/mdio-boardinfo.o
  AR      drivers/misc/mediatek/base/power/leakage_table_v2/built-in.a
  CC      net/sctp/chunk.o
  CC      drivers/misc/mediatek/base/power/mdpm_v2/mtk_mdpm_common.o
  CC      net/unix/scm.o
  CC      drivers/net/phy/phy.o
  CC      drivers/misc/mediatek/base/power/mdpm_v2/mt6781/mtk_mdpm_platform.o
  CC      net/sctp/sm_make_chunk.o
  AR      drivers/misc/mediatek/base/power/mdpm_v2/mt6781/built-in.a
  AR      drivers/misc/mediatek/base/power/mdpm_v2/built-in.a
  CC      drivers/misc/mediatek/base/power/pbm_v4/mtk_pbm.o
  AR      net/unix/built-in.a
  CC      drivers/misc/mediatek/btif/common/mtk_btif.o
  CC      drivers/net/phy/phy-c45.o
  AR      drivers/misc/mediatek/base/power/pbm_v4/built-in.a
../drivers/misc/mediatek/base/power/ppm_v3/src/Makefile:110: USE_PPM_CPI
  CC      drivers/misc/mediatek/base/power/ppm_v3/src/mtk_ppm_main.o
  CC      drivers/net/phy/phy-core.o
  CC      net/sctp/ulpevent.o
  CC      drivers/misc/mediatek/base/power/ppm_v3/src/mtk_ppm_interface.o
  CC      drivers/misc/mediatek/btif/common/mtk_btif_exp.o
  CC      drivers/misc/mediatek/base/power/ppm_v3/src/mtk_ppm_api.o
  CC      drivers/misc/mediatek/base/power/ppm_v3/src/mtk_ppm_profile.o
  CC      net/sctp/inqueue.o
  CC      drivers/net/phy/phy_device.o
  CC      drivers/misc/mediatek/btif/common/btif_dma_plat.o
  CC      drivers/misc/mediatek/base/power/ppm_v3/src/mtk_ppm_ipi.o
  CC      net/sctp/outqueue.o
  CC      drivers/misc/mediatek/base/power/ppm_v3/src/mtk_ppm_cpi.o
  CC      drivers/misc/mediatek/btif/common/btif_plat.o
  CC      drivers/net/phy/mdio_bus.o
  CC      drivers/misc/mediatek/base/power/ppm_v3/src/mtk_ppm_policy_dlpt.o
  AR      drivers/misc/mediatek/btif/common/built-in.a
  AR      drivers/misc/mediatek/btif/built-in.a
  CC      drivers/misc/mediatek/c2k_usb/f_rawbulk.o
  CC      net/sctp/ulpqueue.o
  CC      drivers/misc/mediatek/base/power/ppm_v3/src/mtk_ppm_policy_sys_boost.o
  CC      drivers/misc/mediatek/c2k_usb/rawbulk.o
  CC      drivers/net/phy/mdio_device.o
  CC      drivers/misc/mediatek/base/power/ppm_v3/src/mtk_ppm_policy_ptpod.o
  CC      net/sctp/tsnmap.o
  CC      drivers/misc/mediatek/base/power/ppm_v3/src/mtk_ppm_policy_pwr_thro.o
  CC      drivers/misc/mediatek/base/power/ppm_v3/src/mtk_ppm_policy_thermal.o
  CC      drivers/net/phy/swphy.o
  CC      drivers/misc/mediatek/c2k_usb/rawbulk_transfer.o
  CC      net/sctp/bind_addr.o
  CC      drivers/misc/mediatek/base/power/ppm_v3/src/mtk_ppm_policy_lcm_off.o
  CC      drivers/net/phy/fixed_phy.o
  CC      drivers/misc/mediatek/base/power/ppm_v3/src/mtk_ppm_policy_hard_user_limit.o
  AR      drivers/misc/mediatek/c2k_usb/built-in.a
  CC      drivers/net/ppp/ppp_generic.o
  CC      drivers/misc/mediatek/base/power/ppm_v3/src/mtk_ppm_policy_user_limit.o
  CC      net/sctp/socket.o
  AR      drivers/net/phy/built-in.a
  CC      net/wireless/core.o
  CC      drivers/misc/mediatek/base/power/ppm_v3/src/mtk_ppm_policy_force_limit.o
  CC      drivers/misc/mediatek/base/power/ppm_v3/src/mtk_ppm_policy_ut.o
  CC      drivers/misc/mediatek/base/power/ppm_v3/src/mach/mt6785/mtk_ppm_platform.o
  CC      drivers/misc/mediatek/base/power/ppm_v3/src/mach/mt6785/mtk_ppm_power_data.o
  CC      drivers/net/ppp/ppp_async.o
  CC      drivers/misc/mediatek/base/power/ppm_v3/src/mach/mt6785/mtk_ppm_cobra_algo.o
  CC      net/wireless/sysfs.o
  CC      drivers/net/ppp/bsd_comp.o
  AR      drivers/misc/mediatek/base/power/ppm_v3/src/mach/mt6785/built-in.a
  AR      drivers/misc/mediatek/base/power/ppm_v3/src/mach/built-in.a
  AR      drivers/misc/mediatek/base/power/ppm_v3/src/built-in.a
  AR      drivers/misc/mediatek/base/power/ppm_v3/built-in.a
  CC      drivers/misc/mediatek/base/power/qos/mtk_qos_ipi_v2.o
  CC      net/sctp/primitive.o
  CC      drivers/net/ppp/ppp_deflate.o
  CC      drivers/misc/mediatek/base/power/qos/mtk_qos_main.o
  CC      net/wireless/radiotap.o
  CC      drivers/net/ppp/ppp_mppe.o
  CC      drivers/misc/mediatek/base/power/qos/mtk_qos_bound.o
  CC      net/sctp/output.o
  CC      drivers/net/ppp/ppp_synctty.o
  CC      drivers/misc/mediatek/base/power/qos/mtk_qos_sram.o
  CC      net/wireless/util.o
  CC      drivers/misc/mediatek/base/power/qos/mtk_qos_sysfs.o
  CC      drivers/net/ppp/pppox.o
  CC      net/sctp/input.o
  CC      drivers/misc/mediatek/base/power/qos/mtk_qos_share.o
  AR      drivers/misc/mediatek/base/power/qos/built-in.a
  CC      drivers/misc/mediatek/base/power/upower_v2/mtk_unified_power.o
  CC      drivers/misc/mediatek/base/power/upower_v2/mtk_unified_power_internal.o
  CC      drivers/net/ppp/pppoe.o
  CC      drivers/misc/mediatek/base/power/upower_v2/mtk_unified_power_api.o
  CC      net/sctp/debug.o
  CC      drivers/misc/mediatek/base/power/upower_v2/mtk_unified_power_mt6781.o
  CC      drivers/net/ppp/pptp.o
  CC      net/sctp/stream.o
  CC      net/wireless/reg.o
  AR      drivers/misc/mediatek/base/power/upower_v2/built-in.a
  AR      drivers/misc/mediatek/base/power/built-in.a
  AR      drivers/misc/mediatek/base/built-in.a
  AS      drivers/misc/mediatek/cache/cache-mtk-aarch64.o
  AR      drivers/misc/mediatek/cache/built-in.a
  CC      drivers/misc/mediatek/cam_cal/src/mt6781/../common/v2/eeprom_driver.o
  AR      drivers/net/ppp/built-in.a
  CC      drivers/net/slip/slhc.o
  CC      drivers/misc/mediatek/cam_cal/src/mt6781/../common/v2/eeprom_i2c_common_driver.o
  CC      net/sctp/auth.o
  CC      drivers/misc/mediatek/cam_cal/src/mt6781/../common/v2/eeprom_utils.o
  CC      drivers/misc/mediatek/cam_cal/src/mt6781/eeprom_i2c_custom_driver.o
  CC      drivers/misc/mediatek/cam_cal/src/mt6781/cam_cal_list.o
  CC      net/sctp/offload.o
  AR      drivers/misc/mediatek/cam_cal/src/mt6781/built-in.a
  AR      drivers/misc/mediatek/cam_cal/src/built-in.a
  AR      drivers/misc/mediatek/cam_cal/built-in.a
  CC      drivers/misc/mediatek/camera_ldo/camera_ldo.o
  AR      drivers/net/slip/built-in.a
  CC      net/wireless/scan.o
  CC      drivers/net/usb/asix_devices.o
  AR      drivers/misc/mediatek/camera_ldo/built-in.a
  CC      drivers/misc/mediatek/cameraisp/dip/isp_6s/camera_dip.o
  CC      net/sctp/stream_sched.o
  CC      drivers/net/usb/asix_common.o
  CC      net/sctp/stream_sched_prio.o
  CC      drivers/net/usb/ax88172a.o
  CC      net/sctp/stream_sched_rr.o
  CC      drivers/net/usb/ax88179_178a.o
  AR      drivers/misc/mediatek/cameraisp/dip/isp_6s/built-in.a
  AR      drivers/misc/mediatek/cameraisp/dip/built-in.a
  CC      net/wireless/nl80211.o
  CC      drivers/misc/mediatek/cameraisp/fdvt/5.1/camera_fdvt.o
  CC      net/sctp/stream_interleave.o
  CC      drivers/net/usb/cdc_ether.o
  AR      drivers/misc/mediatek/cameraisp/fdvt/5.1/built-in.a
  AR      drivers/misc/mediatek/cameraisp/fdvt/built-in.a
  CC      drivers/misc/mediatek/cameraisp/mfb/isp_6s/engine_request.o
  CC      drivers/misc/mediatek/cameraisp/mfb/isp_6s/camera_mfb.o
  CC      net/sctp/proc.o
  CC      drivers/net/usb/net1080.o
  CC      drivers/net/usb/cdc_subset.o
  CC      net/sctp/sysctl.o
  AR      drivers/misc/mediatek/cameraisp/mfb/built-in.a
..
  CC      drivers/misc/mediatek/cameraisp/rsc/engine_request.o
  CC      drivers/net/usb/zaurus.o
  CC      drivers/misc/mediatek/cameraisp/rsc/isp_6s/camera_rsc.o
  CC      net/sctp/ipv6.o
  CC      drivers/net/usb/usbnet.o
  AR      drivers/misc/mediatek/cameraisp/rsc/built-in.a
  CC      drivers/misc/mediatek/cameraisp/src/mt6853/camera_isp.o
  CC      net/sctp/diag.o
  CC      drivers/net/usb/cdc_ncm.o
  AR      net/sctp/built-in.a
  CC      drivers/net/wireguard/main.o
  CC      net/wireless/mlme.o
  CC      drivers/net/wireguard/noise.o
  AR      drivers/net/usb/built-in.a
  CC      drivers/nfc/nq330-i2c/nq330.o
  CC      drivers/misc/mediatek/cameraisp/src/mt6853/cam_qos.o
  CC      drivers/net/wireguard/device.o
  AR      drivers/misc/mediatek/cameraisp/src/mt6853/built-in.a
  AR      drivers/nfc/nq330-i2c/built-in.a
  AR      drivers/misc/mediatek/cameraisp/src/built-in.a
  AR      drivers/misc/mediatek/cameraisp/built-in.a
  CC      drivers/nfc/oplus_nfc/oplus_nfc.o
  CC      drivers/misc/mediatek/ccci_util/ccci_util_lib_fo.o
  AR      drivers/nfc/oplus_nfc/built-in.a
  CC      drivers/nfc/p73-spi/p73.o
  CC      drivers/net/wireguard/peer.o
  CC      net/wireless/ibss.o
  AR      drivers/nfc/p73-spi/built-in.a
  CC      drivers/nfc/p73-spi-nq330/p73_nq330.o
  CC      drivers/misc/mediatek/ccci_util/ccci_util_lib_load_img.o
  CC      drivers/net/wireguard/timers.o
  AR      drivers/nfc/p73-spi-nq330/built-in.a
  CC      drivers/nfc/pn553-i2c/pn553.o
  CC      drivers/net/wireguard/queueing.o
  AR      drivers/nfc/pn553-i2c/built-in.a
  CC      drivers/misc/mediatek/ccci_util/ccci_util_lib_sys.o
  CC      drivers/nfc/st21nfc-i2c/st21nfc.o
  CC      net/wireless/sme.o
  AR      drivers/nfc/st21nfc-i2c/built-in.a
  CC      drivers/nfc/st54-spi/st54spi.o
  CC      drivers/misc/mediatek/ccci_util/ccci_private_log.o
  CC      drivers/net/wireguard/send.o
  AR      drivers/nfc/st54-spi/built-in.a
  AR      drivers/nfc/built-in.a
  CC      drivers/misc/mediatek/ccmni/ccmni.o
  CC      drivers/misc/mediatek/ccci_util/ccci_util_lib_time.o
  CC      drivers/net/wireguard/receive.o
  CC      net/wireless/chan.o
  CC      drivers/misc/mediatek/ccci_util/ccci_util_lib_main.o
  CC      drivers/net/wireguard/socket.o
  AR      drivers/misc/mediatek/ccmni/built-in.a
  CC      drivers/misc/mediatek/ccci_util/ccci_util_broadcast.o
  CC      drivers/misc/uid_sys_stats.o
  CC      net/wireless/ethtool.o
  CC      drivers/net/wireguard/peerlookup.o
  CC      drivers/misc/mediatek/ccci_util/ccci_util_pin_broadcast.o
  CC      net/xfrm/xfrm_policy.o
  CC      drivers/misc/mediatek/ccci_util/ccci_util_sib.o
  CC      drivers/net/wireguard/allowedips.o
  CC      drivers/misc/mediatek/ccci_util/ccci_util_md_rat.o
  CC      net/wireless/mesh.o
  CC      drivers/net/wireguard/ratelimiter.o
  CC      drivers/misc/mediatek/ccci_util/ccci_util_dummy.o
  AR      drivers/misc/mediatek/ccci_util/built-in.a
../drivers/tee/gud/Makefile.include:2: "CONFIG_MTK_PLATFORM: "mt6785""
../drivers/tee/gud/Makefile.include:3: "CONFIG_TRUSTONIC_TEE_VERSION: "500""
  CC      drivers/misc/mediatek/cmdq/mailbox/cmdq_sec_mtee.o
  CC      net/xfrm/xfrm_state.o
  CC      net/wireless/ap.o
  CC      drivers/net/wireguard/cookie.o
  CC      drivers/misc/mediatek/cmdq/mailbox/cmdq-sec-helper.o
  CC      drivers/net/wireguard/netlink.o
  CC      net/wireless/trace.o
  CC      drivers/misc/mediatek/cmdq/mailbox/cmdq-sec-mailbox.o
  CC      net/xfrm/xfrm_hash.o
  AR      drivers/net/wireguard/built-in.a
  CC      drivers/net/ifb.o
  CC      net/xfrm/xfrm_input.o
  CC      drivers/misc/mediatek/cmdq/mailbox/cmdq-util.o
  CC      drivers/net/mii.o
  CC      drivers/misc/mediatek/cmdq/mailbox/mt6781/cmdq-platform.o
  CC      net/xfrm/xfrm_output.o
  CC      drivers/net/Space.o
  CC      drivers/net/loopback.o
  CC      net/wireless/ocb.o
  CC      drivers/misc/mediatek/cmdq/mailbox/cmdq-bw-mon.o
  AR      drivers/misc/mediatek/cmdq/mailbox/built-in.a
  AR      drivers/misc/mediatek/cmdq/built-in.a
  CC      drivers/misc/mediatek/conn_md/conn_md.o
  CC      net/xfrm/xfrm_sysctl.o
  CC      net/wireless/of.o
  CC      drivers/misc/mediatek/conn_md/conn_md_exp.o
  CC      drivers/net/tun.o
  CC      net/xfrm/xfrm_replay.o
  CC      drivers/misc/mediatek/conn_md/conn_md_log.o
  CC      net/wireless/shipped-certs.o
  CC      drivers/misc/mediatek/conn_md/conn_md_dump.o
  CC      drivers/misc/mediatek/conn_md/conn_md_dbg.o
  CC      net/wireless/wext-core.o
  CC      net/xfrm/xfrm_device.o
  CC      drivers/misc/mediatek/conn_md/conn_md_test.o
  CC      drivers/net/veth.o
  AR      drivers/misc/mediatek/conn_md/built-in.a
  CC      drivers/misc/mediatek/connectivity/common/connectivity_build_in_adapter.o
  CC      net/xfrm/xfrm_proc.o
  CC      net/wireless/wext-proc.o
  CC      net/xfrm/xfrm_algo.o
  AR      drivers/net/built-in.a
  CC      net/wireless/wext-priv.o
  CC      drivers/nvmem/core.o
  CC      drivers/misc/mediatek/connectivity/common/wmt_build_in_adapter.o
  AR      net/wireless/built-in.a
  CC      drivers/misc/sim_detect.o
  CC      drivers/nvmem/nvmem-sysfs.o
  CC      drivers/of/base.o
  CC      drivers/misc/mediatek/connectivity/power_throttling/adapter.o
  CC      drivers/nvmem/mtk-devinfo.o
  CC      net/xfrm/xfrm_user.o
  AR      drivers/nvmem/built-in.a
  CC      drivers/opp/core.o
 BT_ENABLE_LOW_POWER_DEBUG=
  CC      drivers/misc/mediatek/connectivity/bt/mt66xx/wmt/stp_chrdev_bt.o
  CC      drivers/of/device.o
  CC      drivers/opp/cpu.o
  CC      drivers/of/platform.o
  CC      drivers/misc/mediatek/connectivity/bt/mt66xx/wmt/btmtk_dbg.o
  CC      drivers/opp/of.o
  CC      net/xfrm/xfrm_ipcomp.o
  CC      drivers/misc/mediatek/connectivity/bt/mt66xx/wmt/btmtk_dbg_tp_evt_if.o
  CC      drivers/of/property.o
  AR      drivers/opp/built-in.a
  CC      drivers/misc/mediatek/connectivity/bt/mt66xx/wmt/fw_log_bt.o
  CC      drivers/misc/mediatek/dbgtop/dbgtop.o
  AR      drivers/misc/mediatek/connectivity/bt/mt66xx/wmt/built-in.a
  CC      drivers/of/kobj.o
  CC      drivers/misc/mediatek/connectivity/common/common_detect/wmt_detect_pwr.o
  CC      net/xfrm/xfrm_interface_core.o
  CC      drivers/of/fdt.o
  CC      drivers/misc/mediatek/connectivity/common/common_detect/wmt_detect.o
  AR      drivers/misc/mediatek/dbgtop/built-in.a
  CC      net/compat.o
  CC      drivers/misc/mediatek/connectivity/common/common_detect/sdio_detect.o
  CC      drivers/of/fdt_address.o
  AR      net/xfrm/built-in.a
  CC      drivers/misc/mediatek/connectivity/common/common_detect/mtk_wcn_stub_alps.o
  CC      drivers/of/address.o
ConnFem: Customer load
  CC      drivers/misc/mediatek/connectivity/connfem/connfem_module.o
  CC      drivers/misc/mediatek/connectivity/common/common_detect/wmt_gpio.o
  CC      drivers/misc/mediatek/connectivity/connfem/connfem_container.o
  CC      net/sysctl_net.o
  CC      drivers/of/irq.o
  CC      drivers/misc/mediatek/connectivity/connfem/connfem_dt_parser.o
  CC      drivers/misc/mediatek/connectivity/common/common_detect/drv_init/fm_drv_init.o
  CC      drivers/misc/mediatek/connectivity/common/common_detect/drv_init/conn_drv_init.o
  CC      drivers/misc/mediatek/connectivity/connfem/connfem_epaelna.o
  CC      drivers/misc/mediatek/connectivity/common/common_detect/drv_init/bluetooth_drv_init.o
  CC      drivers/of/of_net.o
  AR      drivers/misc/mediatek/connectivity/connfem/built-in.a
  CC      drivers/misc/mediatek/debug_latch/lastbus/lastbus.o
  CC      drivers/misc/mediatek/connectivity/common/common_detect/drv_init/wlan_drv_init.o
  AR      net/built-in.a
  CC      drivers/misc/mediatek/debug_latch/lastbus/mt6781/plat_lastbus.o
  CC      drivers/perf/arm_dsu_pmu.o
  CC      drivers/misc/mediatek/connectivity/common/common_detect/drv_init/common_drv_init.o
  AR      drivers/misc/mediatek/debug_latch/lastbus/mt6781/built-in.a
  AR      drivers/misc/mediatek/debug_latch/lastbus/built-in.a
  CC      drivers/misc/mediatek/debug_latch/plat_dbg_info/plat_dbg_info.o
  CC      drivers/misc/mediatek/connectivity/common/common_detect/drv_init/gps_drv_init.o
  CC      drivers/of/of_mdio.o
  CC      drivers/perf/arm_pmu.o
  CC      drivers/misc/mediatek/connectivity/common/common_main/platform/mt6781.o
  CC      drivers/misc/mediatek/debug_latch/plat_dbg_info/plat_sram_flag.o
  CC      drivers/of/of_reserved_mem.o
  AR      drivers/misc/mediatek/debug_latch/plat_dbg_info/built-in.a
  AR      drivers/misc/mediatek/debug_latch/built-in.a
  CC      drivers/phy/phy-core.o
  CC      drivers/misc/mediatek/connectivity/common/common_main/platform/mt6781_dbg.o
  CC      drivers/perf/arm_pmu_platform.o
  CC      drivers/misc/mediatek/connectivity/common/common_main/platform/mt6781_pos_gen.o
  AR      drivers/of/built-in.a
  AR      drivers/perf/built-in.a
  CC      drivers/phy/mediatek/phy-mtk-tphy.o
[fm_drv:Kbuild] M = 
[fm_drv:Kbuild] CFG_FM_PLAT = mt6631
[fm_drv:Kbuild] CFG_BUILD_CONNAC2 = 
[fm_drv:Kbuild] CFG_FM_CHIP_ID = 6781
[fm_drv:Kbuild] CFG_FM_CHIP = mt6631
[fm_drv:Kbuild] src = drivers/misc/mediatek/connectivity/fmradio
[fm_drv:Kbuild] KO_CODE_PATH = ../drivers/misc/mediatek/connectivity/fmradio
  CC      drivers/pinctrl/core.o
  CC      drivers/misc/mediatek/connectivity/fmradio/chips/mt6631/pub/mt6631_fm_rds.o
  CC      drivers/misc/mediatek/connectivity/fmradio/chips/mt6631/pub/mt6631_fm_lib.o
  CC      drivers/misc/mediatek/connectivity/common/common_main/platform/wmt_plat_alps.o
  CC      drivers/phy/mediatek/phy-mtk-ufs.o
  CC      drivers/pinctrl/pinctrl-utils.o
  AR      drivers/phy/mediatek/built-in.a
  AR      drivers/phy/built-in.a
  CC      drivers/misc/mediatek/connectivity/gps/gps_stp/stp_chrdev_gps.o
  CC      drivers/misc/mediatek/connectivity/fmradio/core/fm_module.o
  CC      drivers/misc/mediatek/connectivity/common/common_main/platform/mtk_wcn_consys_hw.o
  CC      drivers/pinctrl/pinmux.o
  CC      drivers/pinctrl/pinconf.o
  CC      drivers/misc/mediatek/connectivity/gps/gps_stp/stp_chrdev_gps2.o
  CC      drivers/misc/mediatek/connectivity/fmradio/core/fm_main.o
  CC      drivers/pinctrl/devicetree.o
  CC      drivers/misc/mediatek/connectivity/common/common_main/platform/mtk_wcn_dump_util.o
  CC      drivers/misc/mediatek/connectivity/gps/gps_stp/lna_ctrl/src/gps_lna_drv.o
  CC      drivers/misc/mediatek/connectivity/common/common_main/platform/mtk_wcn_cmb_hw.o
  CC      drivers/pinctrl/pinconf-generic.o
  CC      drivers/misc/mediatek/connectivity/fmradio/core/fm_config.o
  CC      drivers/misc/mediatek/connectivity/gps/gps_stp/gps_emi.o
  CC      drivers/misc/mediatek/connectivity/fmradio/core/fm_rds_parser.o
  CC      drivers/misc/mediatek/connectivity/common/common_main/core/wmt_ic_6628.o
  CC      drivers/misc/mediatek/connectivity/gps/gps_stp/fw_log_gps.o
  CC      drivers/pinctrl/mediatek/mtk-eint.o
  CC      drivers/misc/mediatek/connectivity/common/common_main/core/wmt_conf.o
  CC      drivers/misc/mediatek/connectivity/fmradio/core/fm_patch.o
  AR      drivers/misc/mediatek/connectivity/gps/built-in.a
  CC      drivers/misc/mediatek/devinfo/devinfo.o
  CC      drivers/misc/mediatek/connectivity/fmradio/core/fm_utils.o
  CC      drivers/pinctrl/mediatek/pinctrl-mtk-common-v2.o
  CC      drivers/misc/mediatek/connectivity/common/common_main/core/stp_core.o
  CC      drivers/misc/mediatek/connectivity/fmradio/core/fm_link.o
  AR      drivers/misc/mediatek/devinfo/built-in.a
  CC      drivers/misc/mediatek/dfd/dfd.o
  AR      drivers/misc/mediatek/dfd/built-in.a
  CC      drivers/pinctrl/mediatek/pinctrl-paris.o
  CC      drivers/misc/mediatek/connectivity/wlan/adaptor/wmt_cdev_wifi.o
  CC      drivers/misc/mediatek/connectivity/fmradio/core/fm_eint.o
  CC      drivers/misc/mediatek/connectivity/fmradio/core/fm_cmd.o
  CC      drivers/pinctrl/mediatek/pinctrl-mtk-common-v2_debug.o
  CC      drivers/misc/mediatek/connectivity/fmradio/core/fm_reg_utils.o
  CC      drivers/misc/mediatek/connectivity/common/common_main/core/wmt_ctrl.o
  CC      drivers/misc/mediatek/connectivity/wlan/adaptor/fw_log_wifi.o
  CC      drivers/misc/mediatek/connectivity/fmradio/plat/legacy_wmt.o
  CC      drivers/pinctrl/mediatek/pinctrl-mt6781.o
  CC      drivers/misc/mediatek/connectivity/common/common_main/core/wmt_func.o
  AR      drivers/pinctrl/mediatek/built-in.a
  AR      drivers/misc/mediatek/connectivity/fmradio/built-in.a
  CC      drivers/misc/mediatek/connectivity/common/common_main/core/wmt_core.o
  AR      drivers/pinctrl/built-in.a
  CC      drivers/misc/mediatek/dramc/dramc.o
  CC      drivers/misc/mediatek/connectivity/common/common_main/core/psm_core.o
  CC      drivers/misc/mediatek/connectivity/wlan/adaptor/fw_log_ics.o
  CC      drivers/misc/mediatek/dramc/mtk_lastdramc.o
  CC      drivers/misc/mediatek/dramc/mtk_memtest.o
os option: linux
$MTK_PLATFORM is [mt6785]
$WLAN_CHIP_ID is [6781]
$MTK_COMBO_CHIP is [SOC2_2X2]
$CCFLAG is [{-Wno-unused-value -Wno-unused-result -Wno-format -Wno-parentheses -UMT6620 -UMT6628 -UMT5931 -UMT6630 -UMT6632 -UMT7663 -UCONNAC -USOC2_1X1 -UUT_TEST_MODE -UMT7915 -USOC3_0 -UMT7961 -USOC5_0 -USOC7_0 -DCONFIG_WLAN_MTK_EMI=1 -DCFG_SUPPORT_DEBUG_FS=0 -DWLAN_INCLUDE_PROC -DCFG_SUPPORT_AGPS_ASSIST=0 -DCFG_SUPPORT_TSF_USING_BOOTTIME=1 -DARP_MONITER_ENABLE=1 -Wno-unused-but-set-variable -DLINUX -DOPLUS_WLAN_BUG_STABILITY=1 -DSOC2_2X2 -DCONFIG_MTK_WIFI_VHT80 -DCFG_ENABLE_HOST_BUS_TIMEOUT=0 -DCFG_SUPPORT_SET_IPV6_NETWORK=0 -DCFG_SUPPORT_MDDP_AOR=0 -DCFG_TRI_TX_RING=0 -DCFG_ANDORID_CONNINFRA_SUPPORT=0 -DCFG_SUPPORT_CONNAC2X=0 -DCFG_SUPPORT_CONNAC2X_2x2=0 -DCFG_SUPPORT_802_11AX=0 -DCFG_SUPPORT_802_11BE=0 -DCFG_SUPPORT_WIFI_6G=0 -DCFG_SUPPORT_TWT=0 -DCFG_TWT_SMART_STA=0 -DCFG_DRIVER_INITIAL_RUNNING_MODE=3 -DCFG_SUPPORT_DUAL_STA=1 -DCFG_MTK_ANDROID_WMT=1 -DCFG_SUPPORT_CONNINFRA=0 -DCFG_ANDORID_CONNINFRA_COREDUMP_SUPPORT=0 -DCFG_SUPPORT_PRE_ON_PHY_ACTION=0 -I../drivers/misc/mediatek/connectivity/common/common_main/include -I../drivers/misc/mediatek/connectivity/common/common_main/linux/include -DWMT_IDC_SUPPORT=1 -DMTK_WCN_WMT_STP_EXP_SYMBOL_ABSTRACT -DCFG_SUPPORT_POWER_THROTTLING=0 -DCFG_MTK_ANDROID_EMI=1 -DCFG_WIFI_IP_SET=2 -DCFG_BUILT_IN_DRIVER=1 -DCFG_SUPPORT_CHNL_CONFLICT_REVISE=0 -DCFG_SUPPORT_AEE=0 -DBUILD_QA_DBG=0 -DCFG_WPS_DISCONNECT=1 -D_HIF_AXI=1 -DCFG_DOWNLOAD_DYN_MEMORY_MAP=0 -DCFG_SUPPORT_PASSPOINT=1 -DCFG_HS20_DEBUG=0 -DCFG_MET_PACKET_TRACE_SUPPORT=1 -DCFG_MET_TAG_SUPPORT=0 -DCFG_TC3_FEATURE=0 -DCFG_TC10_FEATURE=0 -DCONFIG_MTK_MD_SUPPORT=1 -DCFG_TC1_FEATURE=0 -DCFG_SUPPORT_NAN=0 -DDBG=0 -Idrivers/misc/mediatek/connectivity/wlan/core/gen4m/os -Idrivers/misc/mediatek/connectivity/wlan/core/gen4m/os/linux/include -Idrivers/misc/mediatek/connectivity/wlan/core/gen4m/include -Idrivers/misc/mediatek/connectivity/wlan/core/gen4m/include/nic -Idrivers/misc/mediatek/connectivity/wlan/core/gen4m/include/mgmt -Idrivers/misc/mediatek/connectivity/wlan/core/gen4m/include/chips -I../drivers/misc/mediatek/base/power/include/ -I../drivers/misc/mediatek/include/mt-plat/ -I../drivers/misc/mediatek/performance/include/ -I../drivers/misc/mediatek/emi/mt6785 -I../drivers/misc/mediatek/emi/submodule -I../drivers/misc/mediatek/pmic/include/ -I../drivers/misc/mediatek/power_throttling/ -I../drivers/misc/mediatek/connectivity/common -I../drivers/devfreq/ -I../net -I../drivers/misc/mediatek/connectivity/connfem/include/ -DCFG_MTK_MDDP_SUPPORT=0 -Idrivers/misc/mediatek/connectivity/wlan/core/gen4m/os/linux/hif/common/include -Idrivers/misc/mediatek/connectivity/wlan/core/gen4m/os/linux/hif/axi/include -DCONFIG_WLAN_DRV_BUILD_IN=1 -DCFG_SUPPORT_PKT_OFLD=0 -DOPLUS_FEATURE_CONN_POWER_MONITOR -DCONFIG_WLAN_SERVICE=1 -DCONFIG_TEST_ENGINE_OFFLOAD=1 -Idrivers/misc/mediatek/connectivity/wlan/core/gen4m/wlan_service/include -Idrivers/misc/mediatek/connectivity/wlan/core/gen4m/wlan_service/service/include -Idrivers/misc/mediatek/connectivity/wlan/core/gen4m/wlan_service/glue/osal/include -Idrivers/misc/mediatek/connectivity/wlan/core/gen4m/wlan_service/glue/hal/include}]
$MTK_WLAN_SERVICE is [{wlan_service/agent/agent.o wlan_service/service/service_test.o wlan_service/service/test_engine.o wlan_service/glue/osal/gen4m/sys_adaption_gen4m.o wlan_service/glue/osal/gen4m/net_adaption_gen4m.o wlan_service/glue/hal/gen4m/operation_gen4m.o}]
  CC      drivers/misc/mediatek/connectivity/common/common_main/core/wmt_ic_soc.o
  AR      drivers/misc/mediatek/connectivity/wlan/adaptor/built-in.a
  CC      drivers/misc/mediatek/dramc/mtk_rshmoo.o
  CC      drivers/power/oplus/v1/adapter_ic/oplus_stm.o
  CC      drivers/misc/mediatek/connectivity/wlan/core/gen4m/os/linux/plat/mt6781/plat_priv.o
  CC      drivers/misc/mediatek/dramc/mt6785/mtk_dramc.o
  CC      drivers/misc/mediatek/connectivity/common/common_main/core/wmt_lib.o
  AR      drivers/power/oplus/v1/adapter_ic/built-in.a
  CC      drivers/power/oplus/v1/chargepump_ic/oplus_sc8571_master.o
  AR      drivers/misc/mediatek/dramc/mt6785/built-in.a
  AR      drivers/misc/mediatek/dramc/built-in.a
  CC      drivers/misc/mediatek/connectivity/wlan/core/gen4m/wlan_service/agent/agent.o
  CC      drivers/misc/mediatek/connectivity/wlan/core/gen4m/wlan_service/service/service_test.o
  CC      drivers/misc/mediatek/connectivity/common/common_main/core/wmt_ic_6620.o
  CC      drivers/power/oplus/v1/chargepump_ic/oplus_sc8571_slave_a.o
  CC      drivers/misc/mediatek/connectivity/wlan/core/gen4m/wlan_service/service/test_engine.o
  CC      drivers/misc/mediatek/connectivity/common/common_main/core/stp_exp.o
CONFIG_MTK_PLATFORM_CCCI := mt6785
CONFIG_MTK_PLATFORM_CCCI := "mt6785"
MTK_PLATFORM_CCCI := mt6785
CONFIG_MTK_PLATFORM := mt6785
CONFIG_MTK_PLATFORM := "mt6785"
MTK_PLATFORM := mt6785
CONFIG_MTK_PLATFORM := mt6785
CONFIG_MTK_PLATFORM := "mt6785"
MTK_PLATFORM := mt6785
  CC      drivers/misc/mediatek/eccci/ccci_core.o
  CC      drivers/misc/mediatek/connectivity/wlan/core/gen4m/wlan_service/glue/osal/gen4m/sys_adaption_gen4m.o
  CC      drivers/power/oplus/v1/chargepump_ic/oplus_sc8571_slave_b.o
  CC      drivers/misc/mediatek/connectivity/common/common_main/core/wmt_ic_6632.o
  CC      drivers/misc/mediatek/eccci/ccci_bm.o
  CC      drivers/misc/mediatek/connectivity/common/common_main/core/wmt_exp.o
  CC      drivers/misc/mediatek/connectivity/wlan/core/gen4m/wlan_service/glue/osal/gen4m/net_adaption_gen4m.o
  CC      drivers/power/oplus/v1/chargepump_ic/oplus_bq25980_master.o
  CC      drivers/misc/mediatek/connectivity/wlan/core/gen4m/wlan_service/glue/hal/gen4m/operation_gen4m.o
  CC      drivers/misc/mediatek/connectivity/common/common_main/core/btm_core.o
  CC      drivers/misc/mediatek/eccci/ccci_modem.o
  CC      drivers/misc/mediatek/connectivity/wlan/core/gen4m/common/dump.o
  CC      drivers/misc/mediatek/connectivity/common/common_main/core/wmt_ic_6630.o
  CC      drivers/misc/mediatek/connectivity/common/common_main/linux/hif_sdio.o
  CC      drivers/power/oplus/v1/chargepump_ic/oplus_bq25980_slave.o
  CC      drivers/misc/mediatek/eccci/ccci_rtc.o
  CC      drivers/misc/mediatek/connectivity/wlan/core/gen4m/common/wlan_lib.o
  CC      drivers/misc/mediatek/connectivity/common/common_main/linux/stp_dbg_soc.o
  CC      drivers/misc/mediatek/eccci/modem_sys1.o
  CC      drivers/power/oplus/v1/chargepump_ic/oplus_nu2205_master.o
  CC      drivers/misc/mediatek/connectivity/common/common_main/linux/stp_dbg_combo.o
  CC      drivers/misc/mediatek/connectivity/common/common_main/linux/osal.o
  CC      drivers/misc/mediatek/eccci/ccci_md_clk.o
  CC      drivers/power/oplus/v1/chargepump_ic/oplus_nu2205_slave.o
  CC      drivers/misc/mediatek/connectivity/wlan/core/gen4m/common/wlan_oid.o
  CC      drivers/misc/mediatek/connectivity/common/common_main/linux/wmt_dev.o
  CC      drivers/misc/mediatek/eccci/ccci_auxadc.o
  CC      drivers/power/oplus/v1/chargepump_ic/oplus_pps_cp.o
  CC      drivers/misc/mediatek/connectivity/common/common_main/linux/stp_sdio.o
  CC      drivers/misc/mediatek/eccci/fsm/ccci_fsm.o
  AR      drivers/power/oplus/v1/chargepump_ic/built-in.a
  CC      drivers/power/oplus/v1/charger_ic/oplus_battery_mtk6781R.o
  CC      drivers/misc/mediatek/connectivity/wlan/core/gen4m/common/wlan_bow.o
  CC      drivers/misc/mediatek/eccci/fsm/ccci_fsm_ioctl.o
  CC      drivers/misc/mediatek/connectivity/common/common_main/linux/bgw_desense.o
  CC      drivers/misc/mediatek/connectivity/wlan/core/gen4m/common/debug.o
  CC      drivers/misc/mediatek/connectivity/common/common_main/linux/wmt_idc.o
  CC      drivers/misc/mediatek/eccci/fsm/ccci_fsm_monitor.o
  CC      drivers/power/oplus/v1/charger_ic/oplus_usbtemp.o
  CC      drivers/misc/mediatek/connectivity/common/common_main/linux/stp_uart.o
  CC      drivers/misc/mediatek/eccci/fsm/ccci_fsm_poller.o
  CC      drivers/misc/mediatek/connectivity/wlan/core/gen4m/common/wlan_p2p.o
  CC      drivers/misc/mediatek/eccci/fsm/ccci_fsm_scp.o
  CC      drivers/misc/mediatek/connectivity/common/common_main/linux/wmt_dbg.o
  CC      drivers/power/oplus/v1/charger_ic/oplus_bq25601d.o
  CC      drivers/misc/mediatek/connectivity/wlan/core/gen4m/common/wlan_he.o
  CC      drivers/misc/mediatek/connectivity/common/common_main/linux/stp_dbg.o
  CC      drivers/misc/mediatek/eccci/fsm/ccci_fsm_ee.o
  CC      drivers/misc/mediatek/eccci/fsm/ccci_fsm_sys.o
  CC      drivers/power/oplus/v1/charger_ic/oplus_short_ic.o
  CC      drivers/misc/mediatek/connectivity/wlan/core/gen4m/nic/nic.o
  CC      drivers/misc/mediatek/connectivity/common/common_main/linux/wmt_user_proc.o
  CC      drivers/misc/mediatek/eccci/fsm/mdee_dumper_v1.o
  AR      drivers/power/oplus/v1/charger_ic/built-in.a
  CC      drivers/power/oplus/v1/gauge_ic/oplus_bq27541.o
  CC      drivers/misc/mediatek/connectivity/common/common_main/linux/wmt_proc_dbg.o
  CC      drivers/misc/mediatek/eccci/fsm/mdee_dumper_v2.o
  CC      drivers/misc/mediatek/connectivity/common/common_main/linux/wmt_alarm.o
  CC      drivers/misc/mediatek/connectivity/wlan/core/gen4m/nic/nic_tx.o
  CC      drivers/misc/mediatek/eccci/fsm/mdee_dumper_v3.o
  CC      drivers/misc/mediatek/connectivity/common/common_main/linux/fw_log_wmt.o
  CC      drivers/misc/mediatek/eccci/fsm/mdee_dumper_v5.o
  CC      drivers/misc/mediatek/connectivity/common/common_main/linux/stp_btif.o
  CC      drivers/misc/mediatek/connectivity/wlan/core/gen4m/nic/nic_txd_v1.o
  CC      drivers/power/oplus/v1/gauge_ic/oplus_sh366002.o
  CC      drivers/misc/mediatek/connectivity/common/debug_utility/ring_emi.o
  AR      drivers/misc/mediatek/eccci/fsm/built-in.a
  CC      drivers/misc/mediatek/eccci/hif/ccci_hif.o
  CC      drivers/misc/mediatek/connectivity/common/debug_utility/connsys_debug_utility.o
  AR      drivers/power/oplus/v1/gauge_ic/built-in.a
  CC      drivers/misc/mediatek/connectivity/wlan/core/gen4m/nic/nic_rxd_v1.o
  CC      drivers/power/oplus/v1/ufcs_ic/oplus_sc8547a.o
  CC      drivers/misc/mediatek/eccci/hif/ccci_cldma_plat.o
  AR      drivers/misc/mediatek/connectivity/common/built-in.a
  CC      drivers/misc/mediatek/ext_gic/mtk-gic-v3-extend.o
  CC      drivers/misc/mediatek/eccci/hif/ccci_hif_cldma.o
  AR      drivers/misc/mediatek/ext_gic/built-in.a
  CC      drivers/misc/mediatek/connectivity/wlan/core/gen4m/nic/nic_rx.o
  CC      drivers/misc/mediatek/extcon/extcon-mtk-usb.o
  AR      drivers/power/oplus/v1/ufcs_ic/built-in.a
  CC      drivers/power/oplus/v1/vooc_ic/oplus_n76e.o
  AR      drivers/misc/mediatek/extcon/built-in.a
  CC      drivers/power/oplus/v1/vooc_ic/oplus_vooc_fw.o
  CC      drivers/misc/mediatek/eccci/hif/ccci_hif_dpmaif.o
  CC      drivers/misc/mediatek/connectivity/wlan/core/gen4m/nic/nic_pwr_mgt.o
  CC      drivers/misc/mediatek/connectivity/wlan/core/gen4m/nic/nic_rate.o
  CC      drivers/power/reset/reboot-mode.o
  CC      drivers/power/oplus/v1/vooc_ic/oplus_stm8s.o
  CC      drivers/power/reset/syscon-reboot-mode.o
  CC      drivers/misc/mediatek/connectivity/wlan/core/gen4m/nic/cmd_buf.o
  AR      drivers/power/reset/built-in.a
  CC      drivers/power/oplus/v1/vooc_ic/oplus_rk826.o
  CC      drivers/misc/mediatek/eccci/hif/dpmaif_drv.o
  CC      drivers/power/oplus/v1/vooc_ic/oplus_op10.o
  CC      drivers/misc/mediatek/connectivity/wlan/core/gen4m/nic/que_mgt.o
  CC      drivers/misc/mediatek/eccci/hif/ccci_debug_info.o
  CC      drivers/pwm/core.o
  CC      drivers/misc/mediatek/eccci/hif/ccci_ringbuf.o
  CC      drivers/power/oplus/v1/vooc_ic/oplus_rt5125.o
  CC      drivers/pwm/sysfs.o
  CC      drivers/misc/mediatek/connectivity/wlan/core/gen4m/nic/nic_cmd_event.o
  CC      drivers/misc/mediatek/eccci/hif/ccci_hif_ccif.o
  CC      drivers/pwm/pwm-mtk-disp.o
  AR      drivers/power/oplus/v1/vooc_ic/built-in.a
  AR      drivers/pwm/built-in.a
  CC      drivers/power/oplus/v1/oplus_pps_ops_manager.o
  CC      drivers/power/oplus/v1/voocphy/oplus_sc8547.o
  CC      drivers/misc/mediatek/connectivity/wlan/core/gen4m/nic/nic_umac.o
  AR      drivers/misc/mediatek/eccci/hif/built-in.a
  CC      drivers/power/supply/mediatek/battery/mtk_battery.o
  CC      drivers/misc/mediatek/eccci/mt6785/ccci_platform.o
  CC      drivers/power/oplus/v1/voocphy/oplus_sc8547_slave.o
  CC      drivers/misc/mediatek/connectivity/wlan/core/gen4m/nic/p2p_nic.o
  CC      drivers/misc/mediatek/eccci/mt6785/ap_md_reg_dump_6781.o
  CC      drivers/power/oplus/v1/voocphy/oplus_voocphy.o
  CC      drivers/misc/mediatek/eccci/mt6785/md_sys1_platform.o
  CC      drivers/misc/mediatek/connectivity/wlan/core/gen4m/os/linux/gl_init.o
  CC      drivers/power/supply/mediatek/battery/mtk_power_misc.o
  AR      drivers/misc/mediatek/eccci/mt6785/built-in.a
  CC      drivers/misc/mediatek/eccci/port/port_cfg.o
  CC      drivers/power/supply/mediatek/battery/mtk_gauge_coulomb_service.o
  CC      drivers/power/oplus/v1/voocphy/oplus_sc8517.o
  CC      drivers/power/supply/mediatek/battery/mtk_gauge_class.o
  CC      drivers/misc/mediatek/eccci/port/port_char.o
  CC      drivers/misc/mediatek/connectivity/wlan/core/gen4m/os/linux/gl_kal.o
  CC      drivers/misc/mediatek/eccci/port/port_ctlmsg.o
  CC      drivers/power/oplus/v1/voocphy/oplus_sy6529.o
  CC      drivers/misc/mediatek/eccci/port/port_udc.o
  CC      drivers/power/supply/mediatek/battery/mtk_battery_recovery.o
  CC      drivers/power/oplus/v1/voocphy/oplus_hl7138.o
  CC      drivers/misc/mediatek/eccci/port/port_misc.o
  CC      drivers/misc/mediatek/connectivity/wlan/core/gen4m/os/linux/gl_bow.o
  CC      drivers/power/supply/mediatek/battery/mtk_battery_core.o
  CC      drivers/misc/mediatek/eccci/port/port_ipc.o
  AR      drivers/power/oplus/v1/voocphy/built-in.a
  CC      drivers/power/oplus/v1/oplus_charger.o
  CC      drivers/misc/mediatek/connectivity/wlan/core/gen4m/os/linux/gl_wext.o
  CC      drivers/misc/mediatek/eccci/port/port_net.o
  AR      drivers/power/supply/mediatek/battery/built-in.a
  CC      drivers/misc/mediatek/eccci/port/port_poller.o
  CC      drivers/power/supply/mediatek/charger/charger_class.o
  CC      drivers/misc/mediatek/connectivity/wlan/core/gen4m/os/linux/gl_wext_priv.o
  CC      drivers/misc/mediatek/eccci/port/port_proxy.o
  CC      drivers/power/supply/mediatek/charger/mtk_switch_charging.o
  CC      drivers/power/supply/mediatek/charger/mtk_pdc_intf.o
  CC      drivers/misc/mediatek/eccci/port/port_rpc.o
  CC      drivers/power/supply/mediatek/charger/mtk_chg_type_det.o
  CC      drivers/misc/mediatek/connectivity/wlan/core/gen4m/os/linux/gl_ate_agent.o
  CC      drivers/power/oplus/v1/oplus_gauge.o
  CC      drivers/misc/mediatek/eccci/port/port_smem.o
  CC      drivers/power/supply/mediatek/charger/mtk_pe40_intf.o
  CC      drivers/misc/mediatek/connectivity/wlan/core/gen4m/os/linux/gl_qa_agent.o
  CC      drivers/power/oplus/v1/oplus_vooc.o
  CC      drivers/power/supply/mediatek/charger/mtk_linear_charging.o
  CC      drivers/misc/mediatek/eccci/port/port_sysmsg.o
  CC      drivers/misc/mediatek/eccci/port/ccci_swtp.o
  CC      drivers/power/supply/mediatek/charger/adapter_class.o
  CC      drivers/power/oplus/v1/oplus_adapter.o
  CC      drivers/power/supply/mediatek/charger/mtk_pd_adapter.o
  AR      drivers/misc/mediatek/eccci/port/built-in.a
  CC      drivers/misc/mediatek/eccci/udc/udc.o
  CC      drivers/misc/mediatek/connectivity/wlan/core/gen4m/os/linux/gl_hook_api.o
  CC      drivers/power/oplus/v1/oplus_chg_track.o
  AR      drivers/misc/mediatek/eccci/udc/built-in.a
  AR      drivers/misc/mediatek/eccci/built-in.a
  CC      drivers/power/oplus/v1/oplus_quirks.o
  CC      drivers/power/supply/mediatek/charger/mtk_switch_charging2.o
  CC      drivers/regulator/core.o
  CC      drivers/misc/mediatek/connectivity/wlan/core/gen4m/os/linux/gl_rst.o
  CC      drivers/power/supply/mediatek/charger/mtk_intf.o
  CC      drivers/power/oplus/v1/oplus_wireless.o
  CC      drivers/power/supply/mediatek/charger/mtk_pe40.o
  CC      drivers/misc/mediatek/connectivity/wlan/core/gen4m/os/linux/gl_cfg80211.o
  CC      drivers/power/oplus/v1/oplus_short.o
  CC      drivers/regulator/dummy.o
  CC      drivers/power/supply/mediatek/charger/mtk_pdc.o
  CC      drivers/power/oplus/v1/oplus_debug_info.o
  CC      drivers/regulator/fixed-helper.o
  AR      drivers/power/supply/mediatek/charger/built-in.a
  CC      drivers/power/supply/mediatek/misc/mtk_gauge_time_service.o
  CC      drivers/misc/mediatek/connectivity/wlan/core/gen4m/os/linux/gl_proc.o
  CC      drivers/regulator/helpers.o
  AR      drivers/power/supply/mediatek/misc/built-in.a
  AR      drivers/power/supply/mediatek/built-in.a
  CC      drivers/power/supply/power_supply_core.o
  CC      drivers/regulator/devres.o
  CC      drivers/power/oplus/v1/oplus_chg_ops_manager.o
  CC      drivers/misc/mediatek/connectivity/wlan/core/gen4m/os/linux/gl_sys.o
  CC      drivers/power/supply/power_supply_sysfs.o
  CC      drivers/regulator/of_regulator.o
  CC      drivers/power/oplus/v1/oplus_pps.o
  CC      drivers/power/supply/power_supply_leds.o
  AR      drivers/power/supply/built-in.a
  CC      drivers/reset/core.o
  CC      drivers/misc/mediatek/connectivity/wlan/core/gen4m/os/linux/gl_vendor.o
  CC      drivers/regulator/fixed.o
  CC      drivers/reset/reset-ti-syscon.o
  AR      drivers/reset/built-in.a
  CC      drivers/regulator/mt6358-regulator.o
  CC      drivers/misc/mediatek/flashlight/flashlight-core.o
  CC      drivers/power/oplus/v1/oplus_configfs.o
  CC      drivers/misc/mediatek/connectivity/wlan/core/gen4m/os/linux/platform.o
  CC      drivers/regulator/rt5133-regulator.o
  CC      drivers/misc/mediatek/flashlight/flashlights-mt6370.o
  AR      drivers/regulator/built-in.a
  CC      drivers/misc/mediatek/connectivity/wlan/core/gen4m/os/linux/gl_p2p.o
  CC      drivers/rpmsg/rpmsg_core.o
  CC      drivers/misc/mediatek/flashlight/./oplus/flashlight_custom.o
  AR      drivers/misc/mediatek/flashlight/built-in.a
  CC      drivers/rtc/rtc-lib.o
  CC      drivers/power/oplus/v1/charger_ic/s2asl01_switching.o
  CC      drivers/rpmsg/mtk_rpmsg_mbox.o
  CC      drivers/rtc/hctosys.o
  CC      drivers/misc/mediatek/connectivity/wlan/core/gen4m/os/linux/gl_p2p_cfg80211.o
  CC      drivers/rtc/class.o
  AR      drivers/rpmsg/built-in.a
  CC      drivers/scsi/scsi.o
  CC      drivers/power/oplus/v1/charger_ic/oplus_switching.o
  CC      drivers/rtc/interface.o
  CC      drivers/misc/mediatek/connectivity/wlan/core/gen4m/os/linux/gl_p2p_init.o
  CC      drivers/power/oplus/v1/oplus_chg_voter.o
  CC      drivers/scsi/hosts.o
  CC      drivers/power/oplus/v1/oplus_chg_core.o
  CC      drivers/rtc/nvmem.o
  CC      drivers/misc/mediatek/connectivity/wlan/core/gen4m/os/linux/gl_p2p_kal.o
  CC      drivers/power/oplus/v1/oplus_chg_comm.o
  CC      drivers/scsi/scsi_ioctl.o
  CC      drivers/rtc/rtc-dev.o
  CC      drivers/rtc/rtc-proc.o
  CC      drivers/power/oplus/v1/oplus_ufcs.o
  CC      drivers/scsi/scsicam.o
  CC      drivers/misc/mediatek/connectivity/wlan/core/gen4m/os/linux/hif/common/hal_pdma.o
  CC      drivers/rtc/rtc-sysfs.o
  CC      drivers/scsi/scsi_error.o
  CC      drivers/rtc/rtc-mt6358.o
  AR      drivers/power/oplus/v1/built-in.a
  AR      drivers/power/oplus/built-in.a
  AR      drivers/power/built-in.a
  CC      drivers/misc/mediatek/flashlight/richtek/rt-flashlight.o
  AR      drivers/rtc/built-in.a
  CC      drivers/misc/mediatek/freqhopping/mtk_freqhopping_drv.o
  CC      drivers/misc/mediatek/connectivity/wlan/core/gen4m/os/linux/hif/common/kal_pdma.o
  CC      drivers/scsi/scsi_lib.o
  CC      drivers/misc/mediatek/flashlight/richtek/rtfled.o
  CC      drivers/misc/mediatek/freqhopping/mt6785/mtk_freqhopping_sspm_v2.o
  AR      drivers/misc/mediatek/flashlight/richtek/built-in.a
  CC      drivers/misc/mediatek/connectivity/wlan/core/gen4m/os/linux/hif/common/dbg_pdma.o
../drivers/tee/gud/Makefile.include:2: "CONFIG_MTK_PLATFORM: "mt6785""
../drivers/tee/gud/Makefile.include:3: "CONFIG_TRUSTONIC_TEE_VERSION: "500""
  CC      drivers/misc/mediatek/geniezone/gz_main.o
  AR      drivers/misc/mediatek/freqhopping/mt6785/built-in.a
  AR      drivers/misc/mediatek/freqhopping/built-in.a
  CC      drivers/soc/mediatek/mtk-pm-qos.o
  CC      drivers/misc/mediatek/geniezone/mtee_ut/gz_ut.o
  CC      drivers/scsi/scsi_lib_dma.o
  CC      drivers/misc/mediatek/geniezone/mtee_ut/gz_chmem_ut.o
  CC      drivers/soc/mediatek/mtk-cmdq-helper.o
  CC      drivers/misc/mediatek/connectivity/wlan/core/gen4m/os/linux/hif/common/sw_wfdma.o
  CC      drivers/misc/mediatek/geniezone/mtee_ut/gz_shmem_ut.o
  CC      drivers/scsi/scsi_scan.o
  CC      drivers/misc/mediatek/geniezone/mtee_ut/gz_vreg_ut.o
  CC      drivers/misc/mediatek/geniezone/mtee-kree/tz_mmap.o
  CC      drivers/misc/mediatek/connectivity/wlan/core/gen4m/os/linux/hif/axi/axi.o
  CC      drivers/soc/mediatek/mtk-infracfg.o
  CC      drivers/misc/mediatek/geniezone/mtee-kree/tz_system.o
  CC      drivers/scsi/scsi_sysfs.o
  CC      drivers/soc/mediatek/mtk-scpsys-ext.o
  CC      drivers/soc/mediatek/mtk-pmic-wrap_v1.o
  CC      drivers/misc/mediatek/connectivity/wlan/core/gen4m/mgmt/ais_fsm.o
  CC      drivers/misc/mediatek/geniezone/mtee-kree/kree_mem.o
  CC      drivers/scsi/scsi_devinfo.o
  CC      drivers/soc/mediatek/mtk-scpsys.o
  CC      drivers/misc/mediatek/geniezone/gz-trusty/trusty.o
  CC      drivers/scsi/scsi_sysctl.o
  CC      drivers/soc/mediatek/devapc/devapc-mtk-common.o
  CC      drivers/scsi/scsi_proc.o
  CC      drivers/misc/mediatek/connectivity/wlan/core/gen4m/mgmt/aaa_fsm.o
  CC      drivers/misc/mediatek/geniezone/gz-trusty/smcnr-table.o
  CC      drivers/scsi/scsi_trace.o
  CC      drivers/soc/mediatek/devapc/devapc-mt6781.o
  AR      drivers/soc/mediatek/devapc/built-in.a
  CC      drivers/soc/mediatek/devmpu/devmpu.o
  CC      drivers/scsi/scsi_logging.o
  CC      drivers/misc/mediatek/geniezone/gz-trusty/trusty-irq.o
  CC      drivers/misc/mediatek/connectivity/wlan/core/gen4m/mgmt/assoc.o
  AR      drivers/soc/mediatek/devmpu/built-in.a
  CC      drivers/soc/mediatek/mtk-mbox.o
  CC      drivers/misc/mediatek/geniezone/gz-trusty/trusty-virtio.o
  CC      drivers/scsi/scsi_pm.o
  CC      drivers/soc/mediatek/mtk-lpm.o
  CC      drivers/misc/mediatek/geniezone/gz-trusty/trusty-mem.o
  CC      drivers/soc/mediatek/mtk-socinfo.o
  CC      drivers/misc/mediatek/connectivity/wlan/core/gen4m/mgmt/auth.o
  CC      drivers/scsi/ufs/ufshcd.o
  CC      drivers/soc/mediatek/mtk_tinysys_ipi.o
  CC      drivers/misc/mediatek/geniezone/gz-trusty/trusty-ipc.o
  CC      drivers/misc/mediatek/connectivity/wlan/core/gen4m/mgmt/bss.o
  AR      drivers/soc/mediatek/built-in.a
  CC      drivers/soc/oplus/device_info/device_info.o
  CC      drivers/misc/mediatek/geniezone/gz-trusty/gz-log.o
  AR      drivers/soc/oplus/device_info/built-in.a
  CC      drivers/soc/oplus/oplus_criticallog/oplus_criticallog.o
  AR      drivers/misc/mediatek/geniezone/gz-trusty/built-in.a
  AR      drivers/misc/mediatek/geniezone/built-in.a
  CC      drivers/scsi/sd.o
  CC      drivers/misc/mediatek/connectivity/wlan/core/gen4m/mgmt/cnm.o
  CC      drivers/soc/oplus/oplus_criticallog/criticallog_class.o
  CC      drivers/scsi/ufs/ufs-sysfs.o
  AR      drivers/soc/oplus/oplus_criticallog/built-in.a
  CC      drivers/soc/oplus/oplus_custom/oplus_custom.o
  CC      drivers/soc/oplus/system/last_boot_reason/last_boot_reason.o
  CC      drivers/scsi/ufs/ufshcd-crypto.o
  AR      drivers/soc/oplus/oplus_custom/built-in.a
  CC      drivers/misc/mediatek/connectivity/wlan/core/gen4m/mgmt/cnm_timer.o
  CC      drivers/scsi/ufs/ufsfeature.o
  AR      drivers/soc/oplus/system/last_boot_reason/built-in.a
  CC      drivers/soc/oplus/system/oplus_project/mtk/oplus_project.o
  CC      drivers/misc/mediatek/connectivity/wlan/core/gen4m/mgmt/cnm_mem.o
  CC      drivers/scsi/ufs/ufshpb.o
  CC      drivers/spi/spi.o
  CC      drivers/soc/oplus/system/oplus_project/mtk/oplus_project_oldcdt.o
  CC      drivers/misc/mediatek/connectivity/wlan/core/gen4m/mgmt/hem_mbox.o
  AR      drivers/soc/oplus/system/oplus_project/built-in.a
  CC      drivers/soc/oplus/system/theia/black_screen_check.o
  CC      drivers/scsi/ufs/ufstw.o
  CC      drivers/spi/spi-mt65xx.o
  CC      drivers/soc/oplus/system/theia/bright_screen_check.o
  CC      drivers/scsi/ufs/ufshpb_skh.o
  CC      drivers/misc/mediatek/connectivity/wlan/core/gen4m/mgmt/mib.o
  CC      drivers/spi/spi-mt65xx-dev.o
  CC      drivers/soc/oplus/system/theia/theia_kevent_kernel.o
  CC      drivers/misc/mediatek/connectivity/wlan/core/gen4m/mgmt/privacy.o
  AR      drivers/spi/built-in.a
ION:enable mtk ion
  CC      drivers/staging/android/ashmem.o
  CC      drivers/scsi/ufs/ufshcd-pltfrm.o
  CC      drivers/soc/oplus/system/theia/powerkey_monitor.o
  CC      drivers/staging/android/alarm-dev.o
  AR      drivers/soc/oplus/system/theia/built-in.a
  AR      drivers/soc/oplus/system/built-in.a
  AR      drivers/soc/built-in.a
  CC      drivers/misc/mediatek/ice_debug/ice_debug.o
  CC      drivers/misc/mediatek/connectivity/wlan/core/gen4m/mgmt/rate.o
  CC      drivers/scsi/ufs/ufs-mediatek.o
  CC      drivers/staging/android/debug_kinfo.o
  AR      drivers/misc/mediatek/ice_debug/built-in.a
imgsensor drv by common ../common/v1_1/ov48b_mipi_raw/ ../common/v1_1/s5k3p9sp_mipi_raw/ ../common/v1_1/s5k3m5sx_mipi_raw/ ../common/v1_1/imx481_mipi_raw/ ../common/v1_1/imx519_mipi_raw/ ../common/v1_1/imx398_mipi_raw/ ../common/v1_1/imx350_mipi_raw/ ../common/v1_1/s5k2l7_mipi_raw/ ../common/v1_1/imx386_mipi_raw/ ../common/v1_1/imx386_mipi_mono/ ../common/v1_1/s5k2t7sp_mipi_raw/ ../common/v1_1/imx499_mipi_raw/ ../common/v1_1/s5k2lqsx_mipi_raw/ ../common/v1_1/s5k4h7_mipi_raw/ ../common/v1_1/s5kjn1_mipi_raw_21690/ ../common/v1_1/ov64b40_mipi_raw_21690/ ../common/v1_1/hi1634q_mipi_raw_21690/ ../common/v1_1/s5k3p9sp_mipi_raw_21690/ ../common/v1_1/gc02m1hlt_mipi_raw_21690/ ../common/v1_1/gc02m1shine_mipi_raw_21690/ ../common/v1_1/ov02b1b_mipi_mono_21690/ ../common/v1_1/gc02m1bsy_mipi_raw_21690/
imgsensor drv by platform imx586_mipi_raw/
imgsensor drv by platform 
imgsensor subdir-ccflags-y = -I../drivers/misc/mediatek/imgsensor/src/common/v1_1 -I../drivers/misc/mediatek/mmdvfs -I../drivers/i2c/busses/ -I../drivers/misc/mediatek/imgsensor/src/mt6781/camera_hw -I../drivers/misc/mediatek/imgsensor/src/common/v1_1/camera_hw -DSENINF_N3D_SUPPORT -I../drivers/misc/mediatek/imgsensor/src/mt6781/seninf/
  CC      drivers/misc/mediatek/imgsensor/src/mt6781/../common/v1_1/imgsensor.o
  CC      drivers/staging/android/mtk_ion/ion.o
  CC      drivers/misc/mediatek/connectivity/wlan/core/gen4m/mgmt/rlm.o
../drivers/staging/android/mtk_ion/ion.c:1637:1: warning: unused label 'retry' [-Wunused-label]
retry:
^~~~~~
1 warning generated.
  CC      drivers/scsi/ufs/ufs-mediatek-dbg.o
  CC      drivers/misc/mediatek/imgsensor/src/mt6781/../common/v1_1/imgsensor_hw.o
  CC      drivers/staging/android/mtk_ion/ion-ioctl.o
  CC      drivers/staging/android/mtk_ion/ion_heap.o
  CC      drivers/misc/mediatek/imgsensor/src/mt6781/../common/v1_1/imgsensor_i2c.o
  AR      drivers/scsi/ufs/built-in.a
  CC      drivers/scsi/sg.o
  CC      drivers/misc/mediatek/connectivity/wlan/core/gen4m/mgmt/rlm_domain.o
  CC      drivers/misc/mediatek/imgsensor/src/mt6781/../common/v1_1/imgsensor_legacy.o
  CC      drivers/staging/android/mtk_ion/ion_page_pool.o
  CC      drivers/misc/mediatek/imgsensor/src/mt6781/../common/v1_1/imgsensor_proc.o
  CC      drivers/staging/android/mtk_ion/ion_system_heap.o
  AR      drivers/scsi/built-in.a
  CC      drivers/misc/mediatek/connectivity/wlan/core/gen4m/mgmt/reg_rule.o
  CC      drivers/misc/mediatek/imgsensor/src/mt6781/../common/v1_1/imgsensor_sensor_list.o
  CC      drivers/staging/android/mtk_ion/ion_carveout_heap.o
  CC      drivers/misc/mediatek/imgsensor/src/mt6781/../common/v1_1/seninf.o
  CC      drivers/staging/android/mtk_ion/ion_chunk_heap.o
  CC      drivers/misc/mediatek/leds/leds-mtk-i2c.o
  CC      drivers/staging/android/mtk_ion/ion_cma_heap.o
  CC      drivers/misc/mediatek/imgsensor/src/mt6781/../OplusImgsensor/imgsensor_eeprom.o
  AR      drivers/misc/mediatek/leds/built-in.a
  CC      drivers/misc/mediatek/connectivity/wlan/core/gen4m/mgmt/rlm_obss.o
  CC      drivers/staging/android/mtk_ion/compat_ion.o
  CC      drivers/misc/mediatek/imgsensor/src/mt6781/../OplusImgsensor/imgsensor_hwcfg_custom.o
  CC      drivers/misc/mediatek/imgsensor/src/mt6781/../OplusImgsensor/imgsensor_hwcfg_mt6781.o
  CC      drivers/tee/tee_core.o
  CC      drivers/misc/mediatek/connectivity/wlan/core/gen4m/mgmt/rrm.o
  CC      drivers/staging/android/mtk_ion/mtk/ion_drv.o
  CC      drivers/misc/mediatek/imgsensor/src/mt6781/../common/v1_1/gc02m1bsy_mipi_raw_21690/gc02m1bsy_mipi_Sensor.o
../drivers/staging/android/mtk_ion/mtk/ion_drv.c:521:20: warning: mixing declarations and code is a C99 extension [-Wdeclaration-after-statement]
                struct sg_table *table;
                                 ^
1 warning generated.
  CC      drivers/tee/tee_shm.o
  CC      drivers/staging/android/mtk_ion/mtk/ion_mm_heap.o
  AR      drivers/misc/mediatek/imgsensor/src/mt6781/../common/v1_1/gc02m1bsy_mipi_raw_21690/built-in.a
  CC      drivers/misc/mediatek/imgsensor/src/mt6781/../common/v1_1/gc02m1hlt_mipi_raw_21690/gc02m1hlt_mipi_Sensor.o
  CC      drivers/misc/mediatek/connectivity/wlan/core/gen4m/mgmt/rsn.o
../drivers/staging/android/mtk_ion/mtk/ion_mm_heap.c:1128:56: warning: '&&' within '||' [-Wlogical-op-parentheses]
        if (buffer->sg_table && (buffer->sg_table->nents > 10 &&
                                 ~~~~~~~~~~~~~~~~~~~~~~~~~~~~~^~
../drivers/staging/android/mtk_ion/mtk/ion_mm_heap.c:1128:56: note: place parentheses around the '&&' expression to silence this warning
        if (buffer->sg_table && (buffer->sg_table->nents > 10 &&
                                                              ^
                                 (
  AR      drivers/misc/mediatek/imgsensor/src/mt6781/../common/v1_1/gc02m1hlt_mipi_raw_21690/built-in.a
  CC      drivers/misc/mediatek/imgsensor/src/mt6781/../common/v1_1/gc02m1shine_mipi_raw_21690/gc02m1shine_mipi_Sensor.o
  CC      drivers/tee/tee_shm_pool.o
1 warning generated.
  AR      drivers/misc/mediatek/imgsensor/src/mt6781/../common/v1_1/gc02m1shine_mipi_raw_21690/built-in.a
  CC      drivers/misc/mediatek/imgsensor/src/mt6781/../common/v1_1/hi1634q_mipi_raw_21690/hi1634qmipiraw_Sensor.o
  CC      drivers/staging/android/mtk_ion/mtk/ion_fb_heap.o
  CC      drivers/tee/gud/500/MobiCoreDriver/admin.o
  CC      drivers/staging/android/mtk_ion/mtk/ion_sec_heap.o
  CC      drivers/misc/mediatek/connectivity/wlan/core/gen4m/mgmt/saa_fsm.o
  AR      drivers/misc/mediatek/imgsensor/src/mt6781/../common/v1_1/hi1634q_mipi_raw_21690/built-in.a
  CC      drivers/misc/mediatek/imgsensor/src/mt6781/../common/v1_1/imx350_mipi_raw/imx350mipiraw_Sensor.o
  CC      drivers/tee/gud/500/MobiCoreDriver/client.o
  CC      drivers/staging/android/mtk_ion/mtk/ion_history.o
  CC      drivers/misc/mediatek/imgsensor/src/mt6781/../common/v1_1/imx350_mipi_raw/imx350_eeprom.o
  AR      drivers/misc/mediatek/imgsensor/src/mt6781/../common/v1_1/imx350_mipi_raw/built-in.a
  CC      drivers/misc/mediatek/imgsensor/src/mt6781/../common/v1_1/imx386_mipi_mono/imx386mipimono_sensor.o
  CC      drivers/misc/mediatek/connectivity/wlan/core/gen4m/mgmt/scan.o
  CC      drivers/staging/android/mtk_ion/mtk/ion_comm.o
  CC      drivers/tee/gud/500/MobiCoreDriver/clientlib.o
  AR      drivers/staging/android/mtk_ion/mtk/built-in.a
  CC      drivers/staging/android/mtk_ion/oplus_ion/ion.o
  AR      drivers/staging/android/mtk_ion/oplus_ion/built-in.a
  AR      drivers/staging/android/mtk_ion/built-in.a
  AR      drivers/staging/android/built-in.a
  AR      drivers/staging/built-in.a
  CC      drivers/tee/gud/500/MobiCoreDriver/fastcall.o
  CC      drivers/thermal/thermal_core.o
  AR      drivers/misc/mediatek/imgsensor/src/mt6781/../common/v1_1/imx386_mipi_mono/built-in.a
  CC      drivers/misc/mediatek/imgsensor/src/mt6781/../common/v1_1/imx386_mipi_raw/imx386mipi_sensor.o
  CC      drivers/tee/gud/500/MobiCoreDriver/iwp.o
  CC      drivers/misc/mediatek/connectivity/wlan/core/gen4m/mgmt/scan_fsm.o
  CC      drivers/tee/gud/500/MobiCoreDriver/logging.o
  CC      drivers/tee/gud/500/MobiCoreDriver/main.o
  CC      drivers/thermal/thermal_sysfs.o
  AR      drivers/misc/mediatek/imgsensor/src/mt6781/../common/v1_1/imx386_mipi_raw/built-in.a
  CC      drivers/misc/mediatek/imgsensor/src/mt6781/../common/v1_1/imx398_mipi_raw/imx398mipiraw_Sensor.o
  CC      drivers/tee/gud/500/MobiCoreDriver/mcp.o
  CC      drivers/thermal/thermal_helpers.o
  CC      drivers/misc/mediatek/imgsensor/src/mt6781/../common/v1_1/imx398_mipi_raw/imx398_eeprom.o
  CC      drivers/misc/mediatek/connectivity/wlan/core/gen4m/mgmt/scan_cache.o
  CC      drivers/tee/gud/500/MobiCoreDriver/mmu.o
  CC      drivers/thermal/of-thermal.o
  AR      drivers/misc/mediatek/imgsensor/src/mt6781/../common/v1_1/imx398_mipi_raw/built-in.a
  CC      drivers/misc/mediatek/imgsensor/src/mt6781/../common/v1_1/imx481_mipi_raw/imx481mipiraw_Sensor.o
  CC      drivers/tee/gud/500/MobiCoreDriver/nq.o
  CC      drivers/misc/mediatek/connectivity/wlan/core/gen4m/mgmt/swcr.o
  AR      drivers/misc/mediatek/imgsensor/src/mt6781/../common/v1_1/imx481_mipi_raw/built-in.a
  CC      drivers/misc/mediatek/imgsensor/src/mt6781/../common/v1_1/imx499_mipi_raw/imx499mipiraw_Sensor.o
  CC      drivers/tee/gud/500/MobiCoreDriver/protocol.o
  CC      drivers/thermal/backward_compatible.o
  CC      drivers/tee/gud/500/MobiCoreDriver/session.o
  CC      drivers/thermal/mtk_thermal.o
  AR      drivers/misc/mediatek/imgsensor/src/mt6781/../common/v1_1/imx499_mipi_raw/built-in.a
  CC      drivers/misc/mediatek/imgsensor/src/mt6781/../common/v1_1/imx519_mipi_raw/imx519mipiraw_Sensor.o
  CC      drivers/thermal/horae_shell_temp.o
  CC      drivers/misc/mediatek/imgsensor/src/mt6781/../common/v1_1/imx519_mipi_raw/imx519_eeprom.o
  CC      drivers/misc/mediatek/connectivity/wlan/core/gen4m/mgmt/roaming_fsm.o
  CC      drivers/tee/gud/500/MobiCoreDriver/teeclientapi.o
  AR      drivers/thermal/built-in.a
  CC      drivers/tty/tty_io.o
  AR      drivers/misc/mediatek/imgsensor/src/mt6781/../common/v1_1/imx519_mipi_raw/built-in.a
  CC      drivers/misc/mediatek/imgsensor/src/mt6781/../common/v1_1/n3d_fsync/n3d.o
  CC      drivers/tee/gud/500/MobiCoreDriver/user.o
  CC      drivers/misc/mediatek/imgsensor/src/mt6781/../common/v1_1/n3d_fsync/n3d_clk.o
  CC      drivers/misc/mediatek/connectivity/wlan/core/gen4m/mgmt/tkip_mic.o
  CC      drivers/tee/gud/500/MobiCoreDriver/xen_fe.o
  CC      drivers/misc/mediatek/imgsensor/src/mt6781/../common/v1_1/n3d_fsync/n3d_hw.o
  AR      drivers/tee/gud/500/MobiCoreDriver/built-in.a
  AR      drivers/tee/gud/500/built-in.a
  AR      drivers/tee/gud/built-in.a
  AR      drivers/tee/built-in.a
  CC      drivers/usb/common/common.o
  CC      drivers/tty/n_tty.o
  CC      drivers/misc/mediatek/imgsensor/src/mt6781/../common/v1_1/n3d_fsync/frame-sync/frame_sync_algo.o
  AR      drivers/misc/mediatek/imgsensor/src/mt6781/../common/v1_1/n3d_fsync/built-in.a
  CC      drivers/misc/mediatek/imgsensor/src/mt6781/../common/v1_1/ov02b1b_mipi_mono_21690/ov02b1bmipimono_Sensor.o
  AR      drivers/usb/common/built-in.a
  CC      drivers/misc/mediatek/connectivity/wlan/core/gen4m/mgmt/hs20.o
  CC      drivers/usb/core/usb.o
  CC      drivers/tty/tty_ioctl.o
  AR      drivers/misc/mediatek/imgsensor/src/mt6781/../common/v1_1/ov02b1b_mipi_mono_21690/built-in.a
  CC      drivers/misc/mediatek/imgsensor/src/mt6781/../common/v1_1/ov48b_mipi_raw/ov48bmipiraw_Sensor.o
  CC      drivers/usb/core/hub.o
  CC      drivers/misc/mediatek/connectivity/wlan/core/gen4m/mgmt/tdls.o
  AR      drivers/misc/mediatek/imgsensor/src/mt6781/../common/v1_1/ov48b_mipi_raw/built-in.a
  CC      drivers/misc/mediatek/imgsensor/src/mt6781/../common/v1_1/ov64b40_mipi_raw_21690/ov64b40mipiraw_Sensor.o
  CC      drivers/tty/tty_ldisc.o
  CC      drivers/misc/mediatek/connectivity/wlan/core/gen4m/mgmt/wnm.o
  AR      drivers/misc/mediatek/imgsensor/src/mt6781/../common/v1_1/ov64b40_mipi_raw_21690/built-in.a
  CC      drivers/misc/mediatek/imgsensor/src/mt6781/../common/v1_1/s5k2l7_mipi_raw/s5k2l7mipiraw_Sensor.o
  CC      drivers/tty/tty_buffer.o
  CC      drivers/usb/core/hcd.o
  CC      drivers/tty/tty_port.o
  CC      drivers/misc/mediatek/connectivity/wlan/core/gen4m/mgmt/qosmap.o
  CC      drivers/usb/core/urb.o
  CC      drivers/tty/tty_mutex.o
  CC      drivers/misc/mediatek/connectivity/wlan/core/gen4m/mgmt/ap_selection.o
  CC      drivers/tty/tty_ldsem.o
  CC      drivers/usb/core/message.o
  CC      drivers/tty/tty_baudrate.o
  CC      drivers/misc/mediatek/connectivity/wlan/core/gen4m/mgmt/wmm.o
  CC      drivers/tty/tty_jobctrl.o
  CC      drivers/usb/core/driver.o
  CC      drivers/tty/n_null.o
  CC      drivers/usb/core/config.o
  CC      drivers/misc/mediatek/imgsensor/src/mt6781/../common/v1_1/s5k2l7_mipi_raw/s5k2l7_pdaf_cal.o
  CC      drivers/misc/mediatek/connectivity/wlan/core/gen4m/mgmt/mddp.o
  CC      drivers/tty/pty.o
  AR      drivers/misc/mediatek/imgsensor/src/mt6781/../common/v1_1/s5k2l7_mipi_raw/built-in.a
  CC      drivers/misc/mediatek/imgsensor/src/mt6781/../common/v1_1/s5k2lqsx_mipi_raw/s5k2lqsxmipiraw_Sensor.o
  CC      drivers/usb/core/file.o
  CC      drivers/tty/tty_audit.o
  AR      drivers/misc/mediatek/imgsensor/src/mt6781/../common/v1_1/s5k2lqsx_mipi_raw/built-in.a
  CC      drivers/misc/mediatek/connectivity/wlan/core/gen4m/mgmt/mscs.o
  CC      drivers/misc/mediatek/imgsensor/src/mt6781/../common/v1_1/s5k2t7sp_mipi_raw/s5k2t7spmipiraw_Sensor.o
  CC      drivers/tty/sysrq.o
  CC      drivers/usb/core/buffer.o
  AR      drivers/misc/mediatek/imgsensor/src/mt6781/../common/v1_1/s5k2t7sp_mipi_raw/built-in.a
  CC      drivers/misc/mediatek/imgsensor/src/mt6781/../common/v1_1/s5k3m5sx_mipi_raw/s5k3m5sxmipiraw_Sensor.o
  CC      drivers/usb/core/sysfs.o
  CC      drivers/usb/core/endpoint.o
  CC      drivers/misc/mediatek/connectivity/wlan/core/gen4m/mgmt/ie_sort.o
  CC      drivers/tty/serial/serial_core.o
  CC      drivers/misc/mediatek/imgsensor/src/mt6781/../common/v1_1/s5k3m5sx_mipi_raw/s5k3m5sx_eeprom.o
  CC      drivers/usb/core/devio.o
  AR      drivers/misc/mediatek/imgsensor/src/mt6781/../common/v1_1/s5k3m5sx_mipi_raw/built-in.a
  CC      drivers/misc/mediatek/imgsensor/src/mt6781/../common/v1_1/s5k3p9sp_mipi_raw/s5k3p9spmipiraw_Sensor.o
  CC      drivers/misc/mediatek/connectivity/wlan/core/gen4m/mgmt/stats.o
  CC      drivers/tty/serial/earlycon.o
  AR      drivers/misc/mediatek/imgsensor/src/mt6781/../common/v1_1/s5k3p9sp_mipi_raw/built-in.a
  CC      drivers/usb/core/notify.o
  CC      drivers/misc/mediatek/imgsensor/src/mt6781/../common/v1_1/s5k3p9sp_mipi_raw_21690/s5k3p9spmipiraw_Sensor.o
  CC      drivers/tty/serial/8250/8250_core.o
  CC      drivers/usb/core/generic.o
  AR      drivers/misc/mediatek/imgsensor/src/mt6781/../common/v1_1/s5k3p9sp_mipi_raw_21690/built-in.a
  CC      drivers/misc/mediatek/imgsensor/src/mt6781/../common/v1_1/s5k4h7_mipi_raw/s5k4h7otp.o
  CC      drivers/misc/mediatek/connectivity/wlan/core/gen4m/mgmt/oplus_rlm_domain.o
  CC      drivers/tty/serial/8250/8250_port.o
  CC      drivers/misc/mediatek/imgsensor/src/mt6781/../common/v1_1/s5k4h7_mipi_raw/s5k4h7mipiraw_Sensor.o
  CC      drivers/usb/core/quirks.o
  CC      drivers/usb/core/devices.o
  AR      drivers/misc/mediatek/imgsensor/src/mt6781/../common/v1_1/s5k4h7_mipi_raw/built-in.a
  CC      drivers/misc/mediatek/imgsensor/src/mt6781/../common/v1_1/s5kjn1_mipi_raw_21690/s5kjn1mipiraw_Sensor.o
  CC      drivers/misc/mediatek/connectivity/wlan/core/gen4m/mgmt/p2p_dev_fsm.o
  CC      drivers/tty/serial/8250/8250_dma.o
  CC      drivers/usb/core/phy.o
  AR      drivers/misc/mediatek/imgsensor/src/mt6781/../common/v1_1/s5kjn1_mipi_raw_21690/built-in.a
  CC      drivers/misc/mediatek/imgsensor/src/mt6781/camera_hw/../../common/v1_1/camera_hw/gpio/gpio.o
  CC      drivers/usb/core/port.o
  CC      drivers/tty/serial/8250/8250_early.o
  CC      drivers/usb/core/of.o
  CC      drivers/misc/mediatek/connectivity/wlan/core/gen4m/mgmt/p2p_dev_state.o
  AR      drivers/misc/mediatek/imgsensor/src/mt6781/camera_hw/../../common/v1_1/camera_hw/gpio/built-in.a
  CC      drivers/misc/mediatek/imgsensor/src/mt6781/camera_hw/../../common/v1_1/camera_hw/mclk/mclk.o
  CC      drivers/tty/serial/8250/8250_fsl.o
  AR      drivers/misc/mediatek/imgsensor/src/mt6781/camera_hw/../../common/v1_1/camera_hw/mclk/built-in.a
  CC      drivers/misc/mediatek/imgsensor/src/mt6781/camera_hw/../../common/v1_1/camera_hw/regulator/regulator.o
  AR      drivers/usb/core/built-in.a
  CC      drivers/usb/gadget/usbstring.o
  CC      drivers/tty/serial/8250/8250_mtk.o
  CC      drivers/misc/mediatek/connectivity/wlan/core/gen4m/mgmt/p2p_role_fsm.o
  CC      drivers/usb/gadget/config.o
  AR      drivers/misc/mediatek/imgsensor/src/mt6781/camera_hw/../../common/v1_1/camera_hw/regulator/built-in.a
  CC      drivers/misc/mediatek/imgsensor/src/mt6781/camera_hw/../../common/v1_1/camera_hw/wl2864/wl2864.o
  AR      drivers/tty/serial/8250/built-in.a
  AR      drivers/tty/serial/built-in.a
  AR      drivers/tty/built-in.a
  CC      drivers/video/hdmi.o
  AR      drivers/misc/mediatek/imgsensor/src/mt6781/camera_hw/../../common/v1_1/camera_hw/wl2864/built-in.a
  CC      drivers/misc/mediatek/imgsensor/src/mt6781/camera_hw/imgsensor_cfg_table.o
  CC      drivers/video/backlight/backlight.o
  CC      drivers/usb/gadget/epautoconf.o
  CC      drivers/misc/mediatek/imgsensor/src/mt6781/camera_hw/imgsensor_pwr_seq.o
  CC      drivers/misc/mediatek/connectivity/wlan/core/gen4m/mgmt/p2p_role_state.o
  AR      drivers/misc/mediatek/imgsensor/src/mt6781/camera_hw/built-in.a
  CC      drivers/misc/mediatek/imgsensor/src/mt6781/imx586_mipi_raw/imx586mipiraw_Sensor.o
  CC      drivers/video/backlight/generic_bl.o
  CC      drivers/usb/gadget/composite.o
  CC [M]  drivers/video/backlight/lcd.o
  CC      drivers/misc/mediatek/connectivity/wlan/core/gen4m/mgmt/p2p_func.o
  CC      drivers/misc/mediatek/imgsensor/src/mt6781/imx586_mipi_raw/imx586_eeprom.o
  AR      drivers/misc/mediatek/imgsensor/src/mt6781/imx586_mipi_raw/built-in.a
  CC      drivers/misc/mediatek/imgsensor/src/mt6781/seninf/../../common/v1_1/seninf_clk.o
  CC      drivers/usb/gadget/functions.o
  AR      drivers/video/backlight/built-in.a
  CC      drivers/video/fbdev/core/fb_cmdline.o
  CC      drivers/misc/mediatek/imgsensor/src/mt6781/seninf/seninf_irq.o
  CC      drivers/usb/gadget/configfs.o
  AR      drivers/misc/mediatek/imgsensor/src/mt6781/seninf/built-in.a
  AR      drivers/misc/mediatek/imgsensor/src/mt6781/built-in.a
  CC      drivers/video/fbdev/core/fb_notify.o
  AR      drivers/misc/mediatek/imgsensor/src/built-in.a
  CC      drivers/misc/mediatek/connectivity/wlan/core/gen4m/mgmt/p2p_scan.o
  CC      drivers/virtio/virtio.o
  CC      drivers/video/fbdev/core/fbmem.o
  CC      drivers/usb/gadget/u_f.o
  CC      drivers/virtio/virtio_ring.o
  CC      drivers/misc/mediatek/connectivity/wlan/core/gen4m/mgmt/p2p_ie.o
  CC      drivers/usb/gadget/meta.o
  CC      drivers/video/fbdev/core/fbmon.o
  AR      drivers/virtio/built-in.a
  CC      drivers/usb/misc/trancevibrator.o
  CC      drivers/usb/gadget/function/f_acm.o
  CC      drivers/misc/mediatek/connectivity/wlan/core/gen4m/mgmt/p2p_rlm.o
  AR      drivers/usb/misc/built-in.a
  CC      drivers/video/logo/logo.o
  CC      drivers/usb/gadget/function/u_serial.o
  AR      drivers/video/logo/built-in.a
  CC      drivers/video/fbdev/core/fbcmap.o
  CC      drivers/usb/gadget/function/f_serial.o
  CC      drivers/misc/mediatek/connectivity/wlan/core/gen4m/mgmt/p2p_assoc.o
  CC      drivers/misc/mediatek/connectivity/wlan/core/gen4m/mgmt/p2p_bss.o
  CC      drivers/usb/gadget/function/u_ether.o
  CC      drivers/video/fbdev/core/fbsysfs.o
  CC      drivers/misc/mediatek/lens/mtk/main/main_lens.o
  CC      drivers/misc/mediatek/connectivity/wlan/core/gen4m/mgmt/p2p_rlm_obss.o
  CC      drivers/video/fbdev/core/modedb.o
  CC      drivers/usb/gadget/function/f_rndis.o
  CC      drivers/misc/mediatek/lens/mtk/main/common/fp5510e2af/FP5510E2AF.o
  CC      drivers/video/fbdev/core/fbcvt.o
  CC      drivers/misc/mediatek/connectivity/wlan/core/gen4m/mgmt/p2p_fsm.o
  CC      drivers/misc/mediatek/lens/mtk/main/common/bu6424af/BU6424AF.o
  CC      drivers/usb/gadget/function/rndis.o
  CC      drivers/video/fbdev/core/fb_defio.o
  CC      drivers/misc/mediatek/lens/mtk/main/common/bu6429af/BU6429AF.o
  CC      drivers/misc/mediatek/lens/mtk/main/common/bu64748af/bu64748_function.o
  CC      drivers/misc/mediatek/connectivity/wlan/core/gen4m/mgmt/wapi.o
  CC      drivers/misc/mediatek/lens/mtk/main/common/bu64748af/bu64748af.o
  CC      drivers/usb/gadget/function/f_mass_storage.o
  CC      drivers/video/fbdev/core/cfbfillrect.o
  CC      drivers/misc/mediatek/lens/mtk/main/common/dw9714af/DW9714AF.o
  CC      drivers/misc/mediatek/lens/mtk/main/common/dw9800waf/DW9800WAF.o
  CC      drivers/video/fbdev/core/cfbcopyarea.o
  CC      drivers/misc/mediatek/connectivity/wlan/core/gen4m/chips/common/cmm_asic_connac.o
  CC      drivers/misc/mediatek/lens/mtk/main/common/dw9814af/DW9814AF.o
  CC      drivers/usb/gadget/function/storage_common.o
  CC      drivers/misc/mediatek/lens/mtk/main/common/dw9718af/DW9718AF.o
  CC      drivers/video/fbdev/core/cfbimgblt.o
  CC      drivers/misc/mediatek/lens/mtk/main/common/dw9718saf/DW9718SAF.o
  CC      drivers/misc/mediatek/connectivity/wlan/core/gen4m/chips/common/dbg_connac.o
  CC      drivers/usb/gadget/function/f_fs.o
  CC      drivers/misc/mediatek/lens/mtk/main/common/dw9718taf/DW9718TAF.o
  CC      drivers/video/fbdev/core/sysfillrect.o
  CC      drivers/misc/mediatek/lens/mtk/main/common/ak7314af/AK7314AF.o
  CC      drivers/misc/mediatek/lens/mtk/main/common/dw9718taf_parkera_ov13b10/DW9718TAF_PARKERA_OV13B10.o
  CC      drivers/video/fbdev/core/syscopyarea.o
  CC      drivers/misc/mediatek/connectivity/wlan/core/gen4m/chips/common/fw_dl.o
  CC      drivers/misc/mediatek/lens/mtk/main/common/dw9718taf_parkera_ov13b2a/DW9718TAF_PARKERA_OV13B2A.o
  CC      drivers/usb/gadget/function/f_midi.o
  CC      drivers/misc/mediatek/lens/mtk/main/common/dw9718taf_parkera_s5kjn103/DW9718TAF_PARKERA_S5KJN103.o
  CC      drivers/video/fbdev/core/sysimgblt.o
  CC      drivers/misc/mediatek/lens/mtk/main/common/dw9718taf_parkerb_s5kjn103/DW9718TAF_PARKERB_S5KJN103.o
  CC      drivers/usb/gadget/function/f_hid.o
  CC      drivers/misc/mediatek/connectivity/wlan/core/gen4m/chips/soc2_2x2/soc2_2x2.o
  CC      drivers/misc/mediatek/lens/mtk/main/common/dw9719taf/DW9719TAF.o
  CC      drivers/video/fbdev/core/fb_sys_fops.o
  CC      drivers/misc/mediatek/lens/mtk/main/common/dw9763af/DW9763AF.o
  CC      drivers/usb/gadget/function/f_accessory.o
  CC      drivers/misc/mediatek/lens/mtk/main/common/dw9839af/DW9839AF.o
  AR      drivers/video/fbdev/core/built-in.a
  AR      drivers/video/fbdev/built-in.a
  AR      drivers/video/built-in.a
  CC      drivers/watchdog/watchdog_core.o
  AR      drivers/misc/mediatek/connectivity/wlan/core/gen4m/built-in.a
  AR      drivers/misc/mediatek/connectivity/built-in.a
  CC      drivers/misc/mediatek/log_store/log_store.o
  CC      drivers/misc/mediatek/lens/mtk/main/common/gt9764af/GT9764AF.o
  CC      drivers/watchdog/watchdog_dev.o
  CC      drivers/usb/gadget/function/f_audio_source.o
  CC      drivers/misc/mediatek/lens/mtk/main/common/gt9764afi/GT9764AFI.o
  AR      drivers/misc/mediatek/log_store/built-in.a
  CC      drivers/watchdog/mtk_wdt.o
  CC      drivers/usb/gadget/udc/core.o
  CC      drivers/usb/gadget/function/f_mtp.o
  CC      drivers/misc/mediatek/lens/mtk/main/common/gt9764afii/GT9764AFII.o
  AR      drivers/watchdog/built-in.a
  CC      drivers/usb/phy/phy.o
  CC      drivers/misc/mediatek/lens/mtk/main/common/lc898212af/LC898212AF.o
  CC      drivers/misc/mediatek/lens/mtk/main/common/lc898212xdaf/LC898212XDAF.o
  CC      drivers/usb/phy/of.o
  CC      drivers/usb/gadget/udc/trace.o
  CC      drivers/usb/gadget/function/f_ptp.o
  CC      drivers/misc/mediatek/lens/mtk/main/common/lc898212xdaf/AfInter.o
  AR      drivers/usb/gadget/function/built-in.a
  AR      drivers/usb/gadget/udc/built-in.a
  AR      drivers/usb/gadget/built-in.a
  CC      drivers/misc/mediatek/lens/mtk/main2/main2_lens.o
  CC      drivers/misc/mediatek/lpm/mtk_lpm_module.o
  CC      drivers/misc/mediatek/lens/mtk/main/common/lc898214af/LC898214AF.o
  CC      drivers/usb/phy/phy-generic.o
  CC      drivers/misc/mediatek/lens/mtk/main/common/lc898217af/LC898217AF.o
  CC      drivers/misc/mediatek/lens/mtk/main2/common/ak7371af/AK7371AF.o
  CC      drivers/misc/mediatek/lens/mtk/main/common/lc898217afa/LC898217AFA.o
  CC      drivers/misc/mediatek/lpm/mtk_lpm_registry.o
  CC      drivers/misc/mediatek/lens/mtk/main2/common/ak7374af/AK7374AF.o
  AR      drivers/usb/phy/built-in.a
  CC      drivers/usb/roles/class.o
  CC      drivers/misc/mediatek/lpm/modules/debug/common/mtk_dbg_fs_common.o
  CC      drivers/misc/mediatek/lens/mtk/main/common/lc898217afb/LC898217AFB.o
  CC      drivers/misc/mediatek/lens/mtk/main2/common/bu64748af/bu64748_function.o
  AR      drivers/usb/roles/built-in.a
  CC      drivers/misc/mediatek/lpm/modules/debug/common/mtk_lpm_timer.o
  CC      drivers/misc/mediatek/lens/mtk/main2/common/bu64748af/bu64748af.o
  CC      drivers/usb/storage/scsiglue.o
  CC      drivers/misc/mediatek/lens/mtk/main/common/lc898217afc/LC898217AFC.o
  CC      drivers/misc/mediatek/lpm/modules/debug/common/mtk_lpm_pwr_gs.o
  CC      drivers/misc/mediatek/lens/mtk/main2/common/lc898212xdaf_f/LC89821x_STMV.o
  CC      drivers/misc/mediatek/lpm/modules/debug/common/gs/v1/mtk_lpm_pwr_gs_dump_clk.o
  CC      drivers/misc/mediatek/lens/mtk/main/common/lc898229af/LC898229AF.o
  CC      drivers/misc/mediatek/lens/mtk/main2/common/lc898212xdaf_f/LC898212XDAF_F.o
  CC      drivers/usb/storage/protocol.o
  CC      drivers/misc/mediatek/lpm/modules/debug/common/gs/v1/mtk_lpm_pwr_gs_dump_pmic.o
  CC      drivers/misc/mediatek/lens/mtk/main/common/lc898122af/LC898122AF.o
  CC      drivers/misc/mediatek/lens/mtk/main2/common/lc898217af/LC898217AF.o
  AR      drivers/misc/mediatek/lpm/modules/debug/common/built-in.a
  CC      drivers/misc/mediatek/lpm/modules/debug/mt6781/mt6781_dbg.o
  CC      drivers/misc/mediatek/lens/mtk/main/common/wv511aaf/WV511AAF.o
  CC      drivers/misc/mediatek/lens/mtk/main2/common/lc898217afa/LC898217AFA.o
  CC      drivers/usb/storage/transport.o
  CC      drivers/misc/mediatek/lpm/modules/debug/mt6781/mt6781_dbg_lpm_fs.o
  CC      drivers/misc/mediatek/lens/mtk/main/common/ak7371af/AK7371AF.o
  CC      drivers/misc/mediatek/lens/mtk/main2/common/lc898217afb/LC898217AFB.o
  CC      drivers/misc/mediatek/lpm/modules/debug/mt6781/mt6781_dbg_lpm_rc_fs.o
  CC      drivers/misc/mediatek/lens/mtk/main/common/bu63169af/BU63169AF.o
  CC      drivers/misc/mediatek/lens/mtk/main2/common/lc898217afc/LC898217AFC.o
  CC      drivers/misc/mediatek/lpm/modules/debug/mt6781/mt6781_dbg_spm_fs.o
  CC      drivers/misc/mediatek/lens/mtk/main/common/bu64253gwzaf/BU64253GWZAF.o
  CC      drivers/usb/storage/usb.o
  CC      drivers/misc/mediatek/lens/mtk/main2/common/dw9718taf/DW9718TAF.o
  CC      drivers/misc/mediatek/lpm/modules/debug/mt6781/mt6781_lpm_trace_event.o
  CC      drivers/misc/mediatek/lens/mtk/main/common/fp5516af/FP5516AF.o
  CC      drivers/misc/mediatek/lens/mtk/main2/common/gt9772af/GT9772AF.o
  CC      drivers/misc/mediatek/lens/mtk/main/common/bu64253af/BU64253AF.o
  AR      drivers/misc/mediatek/lens/mtk/main2/built-in.a
  CC      drivers/misc/mediatek/lpm/modules/debug/mt6781/mtk_cpupm_dbg.o
  CC      drivers/misc/mediatek/masp/asfv2/core/sec_boot_core.o
  CC      drivers/usb/storage/initializers.o
  CC      drivers/misc/mediatek/lpm/modules/debug/mt6781/mtk_cpuidle_status.o
  CC      drivers/misc/mediatek/masp/asfv2/core/sec_mod_core.o
  CC      drivers/misc/mediatek/lens/mtk/main/common/dw9718taf_zhaoyun/DW9718TAF_ZHAOYUN.o
  CC      drivers/usb/storage/sierra_ms.o
  CC      drivers/misc/mediatek/masp/asfv2/core/sec_osal.o
  CC      drivers/misc/mediatek/lpm/modules/debug/mt6781/mtk_cpuidle_cpc.o
  CC      drivers/misc/mediatek/lens/mtk/main/common/gt9772af_limu_imx355/GT9772AF_LIMU_IMX355.o
  CC      drivers/usb/storage/option_ms.o
  CC      drivers/misc/mediatek/lpm/modules/debug/mt6781/mtk_idle_procfs.o
  CC      drivers/misc/mediatek/lens/mtk/main/common/dw9718taf_limu/DW9718TAF_LIMU.o
  CC      drivers/misc/mediatek/masp/asfv2/core/sec_legacy.o
  CC      drivers/misc/mediatek/lpm/modules/debug/mt6781/mtk_idle_procfs_state.o
  CC      drivers/misc/mediatek/masp/asfv2/module/sec_mod.o
  CC      drivers/usb/storage/usual-tables.o
  CC      drivers/misc/mediatek/lens/mtk/main/common/fp5513af_limu/FP5513AF_LIMU.o
  CC      drivers/misc/mediatek/lpm/modules/debug/mt6781/mtk_idle_procfs_cpc.o
  CC      drivers/misc/mediatek/lens/mtk/main/common/gt9768af/GT9768AF.o
  CC      drivers/usb/storage/alauda.o
  CC      drivers/misc/mediatek/lpm/modules/debug/mt6781/mtk_idle_procfs_profile.o
  CC      drivers/misc/mediatek/masp/asfv2/module/sec_clk.o
  CC      drivers/misc/mediatek/lens/mtk/main/common/gt9772af/GT9772AF.o
  CC      drivers/misc/mediatek/lpm/modules/debug/mt6781/mtk_idle_procfs_control.o
  CC      drivers/misc/mediatek/masp/asfv2/mach/hacc_lib.o
  CC      drivers/usb/storage/cypress_atacb.o
  CC      drivers/misc/mediatek/masp/asfv2/mach/hacc_export.o
  CC      drivers/misc/mediatek/lens/mtk/main/common/gt9778af/GT9778AF.o
  CC      drivers/misc/mediatek/lpm/modules/debug/mt6781/mt6781_power_gs_compare.o
  CC      drivers/misc/mediatek/masp/asfv2/mach/hacc_hk.o
  CC      drivers/misc/mediatek/lens/mtk/main/common/fp5513e4af/FP5513E4AF.o
  CC      drivers/misc/mediatek/lpm/modules/debug/mt6781/mtk_power_gs_6366_array.o
  CC      drivers/usb/storage/datafab.o
  CC      drivers/misc/mediatek/masp/asfv2/mach/hacc_sk.o
  CC      drivers/misc/mediatek/lpm/modules/debug/mt6781/mtk_dcm_array.o
  CC      drivers/misc/mediatek/lens/mtk/main/common/gt9778af_s5kjn103/GT9778AF_S5KJN103.o
  CC      drivers/misc/mediatek/masp/asfv2/mach/sec_lib.o
  CC      drivers/misc/mediatek/lpm/modules/debug/mt6781/mtk_cg_array.o
  CC      drivers/usb/storage/freecom.o
  CC      drivers/misc/mediatek/masp/asfv2/mach/mt6785/security_ao.o
  CC      drivers/misc/mediatek/lens/mtk/main/common/fp5513e4af_s5kjn103/fp5513e4af_s5kjn103.o
  AR      drivers/misc/mediatek/lpm/modules/debug/mt6781/built-in.a
  AR      drivers/misc/mediatek/lpm/modules/debug/built-in.a
  CC      drivers/misc/mediatek/lpm/modules/platform/mt6781/mt6781.o
  AR      drivers/misc/mediatek/masp/built-in.a
  CC      drivers/usb/storage/isd200.o
  CC      drivers/misc/mediatek/lens/mtk/main/common/dw9718taf_evenc_s5kjn103/DW9718TAF_EVENC_S5KJN103.o
  CC      drivers/usb/typec/class.o
  CC      drivers/misc/mediatek/lpm/modules/platform/mt6781/mtk_lp_plat_apmcu.o
  CC      drivers/misc/mediatek/lpm/modules/platform/mt6781/mtk_lp_plat_apmcu_mbox.o
  CC      drivers/misc/mediatek/lens/mtk/main/common/dw9800af/DW9800AF.o
  CC      drivers/usb/storage/jumpshot.o
  CC      drivers/usb/typec/mux.o
  CC      drivers/misc/mediatek/lens/mtk/main/common/b0954p65af/B0954P65AF.o
  CC      drivers/misc/mediatek/lpm/modules/platform/mt6781/suspend/mt6781_suspend.o
  CC      drivers/usb/storage/karma.o
  CC      drivers/misc/mediatek/lens/mtk/main/common/ad5820af/AD5820AF.o
  CC      drivers/usb/typec/bus.o
  CC      drivers/misc/mediatek/lens/mtk/main/common/ak7377af/AK7377AF.o
  CC      drivers/usb/storage/onetouch.o
  AR      drivers/usb/typec/built-in.a
  CC      drivers/misc/mediatek/lens/mtk/main/common/ak7375caf/AK7375CAF.o
  CC      drivers/misc/mediatek/lens/mtk/main3/main3_lens.o
  AR      drivers/misc/mediatek/lpm/modules/platform/mt6781/built-in.a
  AR      drivers/misc/mediatek/lpm/modules/platform/built-in.a
  AR      drivers/misc/mediatek/lpm/modules/built-in.a
  CC      drivers/misc/mediatek/lpm/mtk_lpm_fs/mtk_lp_kernfs.o
  CC      drivers/usb/storage/sddr09.o
  AR      drivers/misc/mediatek/lens/mtk/main/built-in.a
  CC      drivers/misc/mediatek/lpm/mtk_lpm_trace_event/mtk_lpm_trace_event.o
  CC      drivers/misc/mediatek/lens/mtk/main3/common/bu24253af/BU24253AF.o
  CC      drivers/misc/mediatek/lpm/mtk_lpm_fs/mtk_lp_sysfs.o
  AR      drivers/misc/mediatek/lpm/mtk_lpm_trace_event/built-in.a
  CC      drivers/misc/mediatek/lens/mtk/main3/common/gt9772af/GT9772AF.o
  CC      drivers/misc/mediatek/lpm/platform/mtk_lpm_platform.o
  CC      drivers/usb/storage/sddr55.o
  CC      drivers/misc/mediatek/lpm/platform/mtk_lpm_irqremain.o
  CC      drivers/misc/mediatek/lpm/mtk_lpm_fs/mtk_suspend_sysfs.o
  AR      drivers/misc/mediatek/lens/mtk/main3/built-in.a
  CC      drivers/misc/mediatek/lens/mtk/sub/sub_lens.o
  CC      drivers/usb/storage/shuttle_usbat.o
  CC      drivers/misc/mediatek/lpm/platform/mtk_lpm_resource_ctrl.o
  CC      drivers/misc/mediatek/lens/mtk/sub/common/bu6424af/BU6424AF.o
  CC      drivers/misc/mediatek/lpm/mtk_lpm_fs/mtk_spm_sysfs.o
  CC      drivers/misc/mediatek/lpm/platform/mtk_lpm_rc.o
  CC      drivers/misc/mediatek/lens/mtk/sub/common/bu6429af/BU6429AF.o
  AR      drivers/usb/storage/built-in.a
  CC      drivers/misc/mediatek/lpm/platform/mtk_lpm_trace.o
  AR      drivers/usb/built-in.a
  CC      drivers/misc/mediatek/lpm/mtk_lpm_fs/mtk_lpm_sysfs.o
  CC      drivers/misc/mediatek/mdp/cmdq_record.o
  CC      drivers/misc/mediatek/lens/mtk/sub/common/dw9714af/DW9714AF.o
  AR      drivers/misc/mediatek/lpm/platform/built-in.a
  CC      drivers/misc/mediatek/lens/mtk/sub2/sub2_lens.o
  CC      drivers/misc/mediatek/lpm/mtk_lpm_fs/mtk_lp_sysfs_procfs.o
  CC      drivers/misc/mediatek/lens/mtk/sub/common/dw9814af/DW9814AF.o
  AR      drivers/misc/mediatek/lpm/mtk_lpm_fs/built-in.a
  AR      drivers/misc/mediatek/lpm/built-in.a
  CC      drivers/misc/mediatek/memory-amms/memory-amms.o
  CC      drivers/misc/mediatek/lens/mtk/sub2/common/bu64253teaf/BU64253TEAF.o
  CC      drivers/misc/mediatek/lens/mtk/sub/common/dw9718af/DW9718AF.o
  CC      drivers/misc/mediatek/mdp/cmdq_virtual.o
  AR      drivers/misc/mediatek/lens/mtk/sub2/built-in.a
  CC      drivers/misc/mediatek/lens/mtk/sub/common/lc898214af/LC898214AF.o
  CC      drivers/misc/mediatek/mmdvfs/swpm_me.o
  CC      drivers/misc/mediatek/mmdvfs/mmqos.o
  CC      drivers/misc/mediatek/lens/mtk/sub/common/wv511aaf/WV511AAF.o
  CC      drivers/misc/mediatek/mdp/cmdq_device.o
  AR      drivers/misc/mediatek/memory-amms/built-in.a
  CC      drivers/misc/mediatek/lens/mtk/sub/common/ak7371af/AK7371AF.o
  CC      drivers/misc/mediatek/mmp/src/mmprofile.o
  CC      drivers/misc/mediatek/mdp/mdp_driver.o
  AR      drivers/misc/mediatek/lens/mtk/sub/built-in.a
  AR      drivers/misc/mediatek/lens/built-in.a
  CC      drivers/misc/mediatek/mmdvfs/mmdvfs.o
  CC      drivers/misc/mediatek/mdp/mdp_common.o
  CC      drivers/misc/mediatek/monitor_hang/monitor_hang.o
  AR      drivers/misc/mediatek/mmp/src/built-in.a
  AR      drivers/misc/mediatek/mmp/built-in.a
  CC      drivers/misc/mediatek/mtprintk/mtk_printk_ctrl.o
  CC      drivers/misc/mediatek/mmdvfs/mt6853/mmdvfs_plat.o
  AR      drivers/misc/mediatek/mmdvfs/mt6853/built-in.a
  AR      drivers/misc/mediatek/mmdvfs/built-in.a
  CC      drivers/misc/mediatek/mdp/mdp_event_common.o
  AR      drivers/misc/mediatek/mtprintk/built-in.a
  CC      drivers/misc/mediatek/performance/perfmgr_main.o
  CC      drivers/misc/mediatek/mdp/cmdq_subsys_common.o
  AR      drivers/misc/mediatek/monitor_hang/built-in.a
  CC      drivers/misc/mediatek/performance/boost_ctrl/boostctrl_main.o
  CC      drivers/misc/mediatek/performance/boost_ctrl/dram_ctrl/dram_ctrl.o
  CC      drivers/misc/mediatek/mdp/cmdq_helper_ext.o
  CC      drivers/misc/mediatek/pmic/common/upmu.o
  AR      drivers/misc/mediatek/performance/boost_ctrl/dram_ctrl/built-in.a
  AR      drivers/misc/mediatek/performance/boost_ctrl/built-in.a
  CC      drivers/misc/mediatek/pmic_wrap/mtk_pmic_wrap.o
  CC      drivers/misc/mediatek/performance/perf_ioctl/perf_ioctl.o
  AR      drivers/misc/mediatek/performance/perf_ioctl/built-in.a
  AR      drivers/misc/mediatek/performance/built-in.a
  CC      drivers/misc/mediatek/pmic_wrap/mt6785/pwrap_hal.o
  CC      drivers/misc/mediatek/pmic/mt6358/v1/pmic_ipi_v2.o
  CC      drivers/misc/mediatek/pmic/common/upmu_regulator.o
  CC      drivers/misc/mediatek/pmic/mt6358/v1/mt6366_gauge.o
  CC      drivers/misc/mediatek/mdp/mdp_ioctl_ex.o
  AR      drivers/misc/mediatek/pmic_wrap/mt6785/built-in.a
  AR      drivers/misc/mediatek/pmic_wrap/built-in.a
  CC      drivers/misc/mediatek/pmic/mt6370/v1/mt6370_pmu_i2c.o
  CC      drivers/misc/mediatek/pmic/common/upmu_debugfs.o
  CC      drivers/misc/mediatek/mdp/mdp_m4u.o
  CC      drivers/misc/mediatek/pmic/mt6358/v1/pmic.o
  CC      drivers/misc/mediatek/pmic/mt6370/v1/mt6370_pmu_regmap.o
  CC      drivers/misc/mediatek/pmic/common/upmu_initial_setting.o
  CC      drivers/misc/mediatek/mdp/cmdq_mmp.o
  CC      drivers/misc/mediatek/pmic/mt6358/v1/pmic_common.o
  CC      drivers/misc/mediatek/pmic/common/upmu_lbat_service.o
  CC      drivers/misc/mediatek/pmic/mt6370/v1/mt6370_pmu_irq.o
  CC      drivers/misc/mediatek/mdp/mt6781/mdp.o
  CC      drivers/misc/mediatek/pmic/mt6358/v1/pmic_debugfs.o
  AR      drivers/misc/mediatek/pmic/common/built-in.a
  CC      drivers/misc/mediatek/pmic/mt6370/v1/mt6370_pmu_subdevs.o
  CC      drivers/misc/mediatek/pmic/pmic_ldo_set/wl2868c.o
  AR      drivers/misc/mediatek/mdp/mt6781/built-in.a
  CC      drivers/misc/mediatek/mdp/sync/mdp_fence.o
  CC      drivers/misc/mediatek/pmic/mt6358/v1/pmic_irq.o
  CC      drivers/misc/mediatek/pmic/mt6370/v1/mt6370_pmu_core.o
  CC      drivers/misc/mediatek/pmic/pmic_ldo_set/fan53870.o
  AR      drivers/misc/mediatek/mdp/sync/built-in.a
  AR      drivers/misc/mediatek/mdp/built-in.a
  CC      drivers/misc/mediatek/power/mt6781/mtk_battery_intf.o
  CC      drivers/misc/mediatek/pmic/mt6370/v1/mt6370_pmu_ldo.o
  CC      drivers/misc/mediatek/pmic/mt6358/v1/pmic_initial_setting.o
  CC      drivers/misc/mediatek/pmic/mt6370/v1/mt6370_pmu_dsv.o
  CC      drivers/misc/mediatek/pmic/pmic_ldo_set/pmic_ldo_set_common.o
  CC      drivers/misc/mediatek/pmic/mt6358/v1/pmic_api.o
  AR      drivers/misc/mediatek/pmic/pmic_ldo_set/built-in.a
  CC      drivers/misc/mediatek/pmic/mtk_battery_adc_intf.o
  AR      drivers/misc/mediatek/power/mt6781/built-in.a
  AR      drivers/misc/mediatek/power/built-in.a
../drivers/tee/gud/Makefile.include:2: "CONFIG_MTK_PLATFORM: "mt6785""
../drivers/tee/gud/Makefile.include:3: "CONFIG_TRUSTONIC_TEE_VERSION: "500""
  CC      drivers/misc/mediatek/pseudo_m4u/pseudo_m4u_v2.o
  CC      drivers/misc/mediatek/pmic/mt6370/v1/mt6370_pmu_dsv_debugfs.o
  CC      drivers/misc/mediatek/pmic/mt6370/v1/mt6370_pmu_fled.o
  CC      drivers/misc/mediatek/pwm/mt6781/mtk_pwm_hal.o
  CC      drivers/misc/mediatek/pmic/mt6370/v1/mt6370_pmu_bled.o
  AR      drivers/misc/mediatek/pwm/mt6781/built-in.a
  CC      drivers/misc/mediatek/pwm/mtk_pwm.o
  CC      drivers/misc/mediatek/pmic/mt6370/v1/mt6370_pmu_charger.o
  CC      drivers/misc/mediatek/pseudo_m4u/pseudo_m4u_debug.o
  AR      drivers/misc/mediatek/pwm/built-in.a
  CC      drivers/misc/mediatek/pmic/mt6358/v1/pmic_auxadc.o
  CC      drivers/misc/mediatek/pseudo_m4u/pseudo_m4u_sec.o
  CC      drivers/misc/mediatek/pseudo_m4u/pseudo_m4u_gz_sec.o
  CC      drivers/misc/mediatek/pmic/mt6358/v1/regulator_codegen.o
  AR      drivers/misc/mediatek/pseudo_m4u/built-in.a
  CC      drivers/misc/mediatek/rps/rps_perf.o
  AR      drivers/misc/mediatek/pmic/mt6370/v1/built-in.a
  AR      drivers/misc/mediatek/pmic/mt6370/built-in.a
  CC      drivers/misc/mediatek/rt-regmap/rt-regmap.o
  CC      drivers/misc/mediatek/pmic/mt6358/v1/pmic_lp_api.o
  AR      drivers/misc/mediatek/rt-regmap/built-in.a
  CC      drivers/misc/mediatek/rtc/mtk_rtc_debug_v1.o
  AR      drivers/misc/mediatek/rps/built-in.a
  CC      drivers/misc/mediatek/pmic/mt6358/v1/pmic_efuse.o
  CC      drivers/misc/mediatek/scp/cm4/scp_feature_table.o
  CC      drivers/misc/mediatek/pmic/mt6358/v1/pmic_throttling_dlpt.o
  CC      drivers/misc/mediatek/scp/cm4/scp_awake.o
  AR      drivers/misc/mediatek/rtc/built-in.a
  CC      drivers/misc/mediatek/scp/cm4/scp_dvfs.o
  CC      drivers/misc/mediatek/sensors-1.0/accelerometer/accel.o
  AR      drivers/misc/mediatek/pmic/mt6358/v1/built-in.a
  AR      drivers/misc/mediatek/pmic/mt6358/built-in.a
  AR      drivers/misc/mediatek/pmic/built-in.a
  CC      drivers/misc/mediatek/sensors-1.0/accelerometer/accel_factory.o
  CC      drivers/misc/mediatek/sensors-1.0/accelerometer/accelhub/accelhub.o
  CC      drivers/misc/mediatek/scp/cm4/./v01/scp_helper.o
  CC      drivers/misc/mediatek/sensors-1.0/alsps/alsps.o
  CC      drivers/misc/mediatek/smi/smi_drv.o
  AR      drivers/misc/mediatek/sensors-1.0/accelerometer/accelhub/built-in.a
  AR      drivers/misc/mediatek/sensors-1.0/accelerometer/built-in.a
  CC      drivers/misc/mediatek/sensors-1.0/alsps/alsps_factory.o
  CC      drivers/misc/mediatek/sensors-1.0/alsps/aal_control.o
  CC      drivers/misc/mediatek/sensors-1.0/alsps/alspshub/alspshub.o
  CC      drivers/misc/mediatek/scp/cm4/./v01/scp_excep.o
  AR      drivers/misc/mediatek/smi/built-in.a
  CC      drivers/misc/mediatek/sensors-1.0/barometer/barometer.o
  CC      drivers/misc/mediatek/sensors-1.0/gyroscope/gyroscope.o
  CC      drivers/misc/mediatek/scp/cm4/./v01/scp_ipi.o
  AR      drivers/misc/mediatek/sensors-1.0/alsps/alspshub/built-in.a
  AR      drivers/misc/mediatek/sensors-1.0/alsps/built-in.a
  CC      drivers/misc/mediatek/sensors-1.0/hwmon/hwmsen/hwmsen_helper.o
  CC      drivers/misc/mediatek/scp/cm4/./v01/scp_irq.o
  CC      drivers/misc/mediatek/sensors-1.0/barometer/barometer_factory.o
  CC      drivers/misc/mediatek/sensors-1.0/gyroscope/gyro_factory.o
  CC      drivers/misc/mediatek/scp/cm4/./v01/scp_logger.o
  AR      drivers/misc/mediatek/sensors-1.0/hwmon/hwmsen/built-in.a
  CC      drivers/misc/mediatek/sensors-1.0/hwmon/sensor_attributes/sensor_attr.o
  CC      drivers/misc/mediatek/sensors-1.0/barometer/barohub/barohub.o
  CC      drivers/misc/mediatek/sensors-1.0/gyroscope/gyrohub/gyrohub.o
  AR      drivers/misc/mediatek/sensors-1.0/hwmon/sensor_attributes/built-in.a
  CC      drivers/misc/mediatek/sensors-1.0/hwmon/sensor_dts/sensor_dts.o
  CC      drivers/misc/mediatek/scp/cm4/./v01/scp_l1c.o
  AR      drivers/misc/mediatek/sensors-1.0/barometer/barohub/built-in.a
  AR      drivers/misc/mediatek/sensors-1.0/barometer/built-in.a
  CC      drivers/misc/mediatek/spi_slave_drv/spi_slave.o
  AR      drivers/misc/mediatek/sensors-1.0/gyroscope/gyrohub/built-in.a
  AR      drivers/misc/mediatek/sensors-1.0/gyroscope/built-in.a
  CC      drivers/misc/mediatek/sensors-1.0/hwmon/sensor_event/sensor_event.o
  CC      drivers/misc/mediatek/scp/cm4/./v01/scp_scpctl.o
  AR      drivers/misc/mediatek/sensors-1.0/hwmon/sensor_dts/built-in.a
  CC      drivers/misc/mediatek/sensors-1.0/hwmon/sensor_list/sensor_list.o
  AR      drivers/misc/mediatek/scp/cm4/built-in.a
  AR      drivers/misc/mediatek/scp/built-in.a
  AR      drivers/misc/mediatek/spi_slave_drv/built-in.a
  CC      drivers/misc/mediatek/sensors-1.0/magnetometer/mag.o
  CC      drivers/misc/mediatek/sensors-1.0/hwmon/sensor_performance/sensor_performance.o
  AR      drivers/misc/mediatek/sensors-1.0/hwmon/sensor_event/built-in.a
  CC      drivers/misc/mediatek/sensors-1.0/oplus_sensor_devinfo/sensor_devinfo.o
  AR      drivers/misc/mediatek/sensors-1.0/hwmon/sensor_list/built-in.a
  CC      drivers/misc/mediatek/sspm/v2/sspm_emi_mpu.o
  AR      drivers/misc/mediatek/sensors-1.0/hwmon/sensor_performance/built-in.a
  AR      drivers/misc/mediatek/sensors-1.0/hwmon/built-in.a
  CC      drivers/misc/mediatek/sensors-1.0/oplus_virtual_sensor/virtual_sensor.o
  CC      drivers/misc/mediatek/sspm/v2/sspm_helper.o
  CC      drivers/misc/mediatek/sensors-1.0/magnetometer/mag_factory.o
  AR      drivers/misc/mediatek/sensors-1.0/oplus_sensor_devinfo/built-in.a
  CC      drivers/misc/mediatek/sensors-1.0/magnetometer/maghub/maghub.o
  CC      drivers/misc/mediatek/sensors-1.0/oplus_virtual_sensor/platform/sensor_cmd/sensor_cmd.o
  CC      drivers/misc/mediatek/sensors-1.0/oplus_virtual_sensor/platform/sensor_device/oplus_sensor_attr.o
  AR      drivers/misc/mediatek/sensors-1.0/oplus_virtual_sensor/platform/sensor_cmd/built-in.a
  CC      drivers/misc/mediatek/sspm/v2/sspm_ipi_table.o
  AR      drivers/misc/mediatek/sensors-1.0/magnetometer/maghub/built-in.a
  AR      drivers/misc/mediatek/sensors-1.0/magnetometer/built-in.a
  CC      drivers/misc/mediatek/sensors-1.0/oplus_virtual_sensor/sensors/pickup_detecthub/pickup_detecthub.o
  CC      drivers/misc/mediatek/sensors-1.0/oplus_virtual_sensor/platform/sensor_event/oplus_sensor_event.o
  AR      drivers/misc/mediatek/sensors-1.0/oplus_virtual_sensor/platform/sensor_device/built-in.a
  CC      drivers/misc/mediatek/sync/mtk_sync.o
  CC      drivers/misc/mediatek/sspm/v2/sspm_ipi_timeout_cb.o
  AR      drivers/misc/mediatek/sensors-1.0/oplus_virtual_sensor/sensors/pickup_detecthub/built-in.a
  CC      drivers/misc/mediatek/sspm/v2/sspm_logger_impl.o
  AR      drivers/misc/mediatek/sensors-1.0/oplus_virtual_sensor/sensors/built-in.a
  AR      drivers/misc/mediatek/sensors-1.0/oplus_virtual_sensor/platform/sensor_event/built-in.a
  CC      drivers/misc/mediatek/sensors-1.0/sensorHub/SCP_nanoHub/SCP_nanoHub.o
  AR      drivers/misc/mediatek/sensors-1.0/oplus_virtual_sensor/platform/built-in.a
  AR      drivers/misc/mediatek/sensors-1.0/oplus_virtual_sensor/built-in.a
  AR      drivers/misc/mediatek/sync/built-in.a
  CC      drivers/misc/mediatek/sspm/v2/sspm_plt.o
  CC      drivers/misc/mediatek/sensors-1.0/sensorfusion/fusion.o
  CC      drivers/misc/mediatek/sensors-1.0/sensorfusion/uncali_acchub/uncali_acchub.o
  CC      drivers/misc/mediatek/sensors-1.0/sensorHub/SCP_power_monitor/SCP_power_monitor.o
  CC      drivers/misc/mediatek/sspm/v2/sspm_reservedmem.o
  AR      drivers/misc/mediatek/sensors-1.0/sensorHub/SCP_nanoHub/built-in.a
  AR      drivers/misc/mediatek/sensors-1.0/sensorHub/SCP_power_monitor/built-in.a
  CC      drivers/misc/mediatek/task_turbo/task_turbo.o
  CC      drivers/misc/mediatek/sensors-1.0/sensorHub/nanohub/main.o
  AR      drivers/misc/mediatek/sensors-1.0/sensorfusion/uncali_acchub/built-in.a
  CC      drivers/misc/mediatek/sensors-1.0/sensorfusion/uncali_gyrohub/uncali_gyrohub.o
  AR      drivers/misc/mediatek/sensors-1.0/sensorfusion/uncali_gyrohub/built-in.a
  CC      drivers/misc/mediatek/sensors-1.0/sensorHub/nanohub/bl.o
  CC      drivers/misc/mediatek/sensors-1.0/sensorfusion/uncali_maghub/uncali_maghub.o
  CC      drivers/misc/mediatek/sspm/v2/sspm_sysfs.o
  AR      drivers/misc/mediatek/sensors-1.0/sensorfusion/uncali_maghub/built-in.a
  AR      drivers/misc/mediatek/sensors-1.0/sensorfusion/built-in.a
  CC      drivers/misc/mediatek/sspm/v2/sspm_timesync.o
  CC      drivers/misc/mediatek/tee_sanity/tee_sanity.o
  CC      drivers/misc/mediatek/sensors-1.0/sensorHub/nanohub/comms.o
  AR      drivers/misc/mediatek/task_turbo/built-in.a
  CC      drivers/misc/mediatek/sensors-1.0/sensorHub/nanohub/nanohub-mtk.o
  AR      drivers/misc/mediatek/sspm/v2/built-in.a
  AR      drivers/misc/mediatek/sspm/built-in.a
  CC      drivers/misc/mediatek/sensors-1.0/situation/situation.o
  AR      drivers/misc/mediatek/tee_sanity/built-in.a
  CC      drivers/misc/mediatek/sensors-1.0/situation/device_orientation/device_orientation.o
  CC      drivers/misc/mediatek/sensors-1.0/situation/glance_gesture/glance_gesture.o
  AR      drivers/misc/mediatek/sensors-1.0/sensorHub/nanohub/built-in.a
  AR      drivers/misc/mediatek/sensors-1.0/sensorHub/built-in.a
  CC      drivers/misc/mediatek/thermal/mtk_thermal_monitor.o
  AR      drivers/misc/mediatek/sensors-1.0/situation/glance_gesture/built-in.a
  AR      drivers/misc/mediatek/sensors-1.0/situation/device_orientation/built-in.a
  CC      drivers/misc/mediatek/sensors-1.0/situation/motion_detect/motion_detect.o
  CC      drivers/misc/mediatek/sensors-1.0/situation/pickup_gesture/pickup_gesture.o
  CC      drivers/misc/mediatek/sensors-1.0/situation/stationary/stationary.o
  AR      drivers/misc/mediatek/sensors-1.0/situation/pickup_gesture/built-in.a
  CC      drivers/misc/mediatek/sensors-1.0/step_counter/step_counter.o
  AR      drivers/misc/mediatek/sensors-1.0/situation/motion_detect/built-in.a
  CC      drivers/misc/mediatek/sensors-1.0/situation/tilt_detector/tiltdetecthub.o
  AR      drivers/misc/mediatek/sensors-1.0/situation/stationary/built-in.a
  CC      drivers/misc/mediatek/timer/timesync/archcounter_timesync.o
  CC      drivers/misc/mediatek/thermal/mtk_cooler_shutdown.o
  AR      drivers/misc/mediatek/sensors-1.0/situation/tilt_detector/built-in.a
  CC      drivers/misc/mediatek/sensors-1.0/situation/wake_gesture/wake_gesture.o
  CC      drivers/misc/mediatek/sensors-1.0/step_counter/stepsignhub/stepsignhub.o
  AR      drivers/misc/mediatek/timer/timesync/built-in.a
  AR      drivers/misc/mediatek/timer/built-in.a
  CC      drivers/misc/mediatek/thermal/mtk_cooler_backlight.o
  AR      drivers/misc/mediatek/sensors-1.0/situation/wake_gesture/built-in.a
  CC      drivers/misc/mediatek/trusted_mem/ssmr/memory_ssmr.o
  AR      drivers/misc/mediatek/sensors-1.0/situation/built-in.a
  CC      drivers/misc/mediatek/thermal/mtk_cooler_kshutdown.o
  CC      drivers/misc/mediatek/twam/spmtwam.o
  AR      drivers/misc/mediatek/sensors-1.0/step_counter/stepsignhub/built-in.a
  AR      drivers/misc/mediatek/sensors-1.0/step_counter/built-in.a
  AR      drivers/misc/mediatek/sensors-1.0/built-in.a
  CC      drivers/misc/mediatek/trusted_mem/dev_mgr.o
  CC      drivers/misc/mediatek/thermal/mtk_cooler_cam.o
  CC      drivers/misc/mediatek/thermal/common/mtk_thermal_platform.o
  CC      drivers/misc/mediatek/thermal/common/ap_thermal_limit.o
  CC      drivers/misc/mediatek/trusted_mem/entry.o
  AR      drivers/misc/mediatek/twam/built-in.a
  CC      drivers/misc/mediatek/thermal/mt6781/src/mtk_lvts_tc.o
  CC      drivers/misc/mediatek/trusted_mem/region_mgr.o
  CC      drivers/misc/mediatek/thermal/common/coolers/mtk_ta.o
  CC      drivers/misc/mediatek/thermal/mt6781/src/mtk_tc_wrapper.o
  CC      drivers/misc/mediatek/trusted_mem/ssmr_mgr.o
  CC      drivers/misc/mediatek/trusted_mem/peer_mgr.o
  CC      drivers/misc/mediatek/typec/switch/mux_switch.o
  CC      drivers/misc/mediatek/thermal/common/coolers/mtk_cooler_mutt.o
  CC      drivers/misc/mediatek/trusted_mem/proc.o
  CC      drivers/misc/mediatek/thermal/mt6781/src/mtk_thermal_ipi.o
  CC      drivers/misc/mediatek/trusted_mem/alloc_api.o
  CC      drivers/misc/mediatek/typec/switch/fusb304.o
  CC      drivers/misc/mediatek/thermal/mt6781/src/mtk_pmic_efuse.o
  CC      drivers/misc/mediatek/thermal/common/coolers/mtk_cooler_bcct_v2.o
  CC      drivers/misc/mediatek/typec/switch/ptn36241g.o
  CC      drivers/misc/mediatek/trusted_mem/mpu_vio_checker.o
  CC      drivers/misc/mediatek/thermal/mt6781/src/mtk_ts_6366vcore.o
  CC      drivers/misc/mediatek/typec/switch/ps5169.o
  CC      drivers/misc/mediatek/trusted_mem/tee_devices.o
  CC      drivers/misc/mediatek/thermal/common/coolers/mtk_cooler_bcct_2nd.o
  CC      drivers/misc/mediatek/thermal/mt6781/src/mtk_ts_6366vproc.o
  AR      drivers/misc/mediatek/typec/switch/built-in.a
  CC      drivers/misc/mediatek/trusted_mem/tee_impl/tee_invoke.o
  CC      drivers/misc/mediatek/typec/tcpc/tcpc_mt6370.o
  CC      drivers/misc/mediatek/trusted_mem/tee_impl/tee_ops.o
  CC      drivers/misc/mediatek/thermal/mt6781/src/mtk_ts_6366vgpu.o
  CC      drivers/misc/mediatek/thermal/common/coolers/mtk_cooler_atm.o
  CC      drivers/misc/mediatek/typec/tcpc/tcpci_core.o
  CC      drivers/misc/mediatek/trusted_mem/mtee_devices.o
  CC      drivers/misc/mediatek/thermal/mt6781/src/mtk_ts_6366tsx.o
  CC      drivers/misc/mediatek/trusted_mem/mtee_impl/mtee_ops.o
  CC      drivers/misc/mediatek/trusted_mem/mtee_impl/mtee_invoke.o
  CC      drivers/misc/mediatek/thermal/mt6781/src/mtk_ts_6366dcxo.o
  CC      drivers/misc/mediatek/typec/tcpc/tcpci_typec.o
  AR      drivers/misc/mediatek/trusted_mem/built-in.a
  CC      drivers/misc/mediatek/thermal/common/coolers/mtk_cooler_dtm.o
  CC      drivers/misc/mediatek/thermal/common/thermal_zones/mtk_ts_ntc_cust.o
  AR      drivers/misc/mediatek/thermal/mt6781/src/built-in.a
  AR      drivers/misc/mediatek/thermal/mt6781/built-in.a
  CC      drivers/misc/mediatek/thermal/common/thermal_zones/oplus_ts_tempntc.o
  CC      drivers/misc/mediatek/thermal/common/thermal_zones/mtk_ts_battery.o
  CC      drivers/misc/mediatek/typec/tcpc/tcpci_timer.o
  CC      drivers/misc/mediatek/thermal/common/coolers/mtk_cooler_sysrst.o
  CC      drivers/misc/mediatek/thermal/common/thermal_zones/mtk_ts_bts.o
  CC      drivers/misc/mediatek/typec/tcpc/tcpm.o
  CC      drivers/misc/mediatek/thermal/common/coolers/mtk_cooler_VR_FPS.o
  CC      drivers/misc/mediatek/usb20/musb_core.o
  CC      drivers/misc/mediatek/thermal/common/thermal_zones/mtk_ts_btsmdpa.o
  CC      drivers/misc/mediatek/thermal/common/coolers/mtk_cooler_mutt_gen97.o
  CC      drivers/misc/mediatek/typec/tcpc/tcpci.o
  CC      drivers/misc/mediatek/typec/tcpc/pd_dbg_info.o
  CC      drivers/misc/mediatek/thermal/common/thermal_zones/mtk_ts_cpu_noBank.o
  AR      drivers/misc/mediatek/thermal/common/coolers/built-in.a
  CC      drivers/misc/mediatek/usb20/musb_virthub.o
  CC      drivers/misc/mediatek/typec/tcpc/tcpci_alert.o
  CC      drivers/misc/mediatek/vdec_fmt/vdec_fmt_driver.o
  CC      drivers/misc/mediatek/typec/tcpc/rt_pd_manager.o
  CC      drivers/misc/mediatek/thermal/common/thermal_zones/mtk_ts_pa.o
  CC      drivers/misc/mediatek/usb20/musb_host.o
  CC      drivers/misc/mediatek/vdec_fmt/mt6781/vdec_fmt_pm.o
  CC      drivers/misc/mediatek/typec/tcpc/tcpci_event.o
  CC      drivers/misc/mediatek/vdec_fmt/vdec_fmt_ion.o
  CC      drivers/misc/mediatek/thermal/common/thermal_zones/mtk_ts_pa_thput.o
  CC      drivers/misc/mediatek/typec/tcpc/pd_core.o
  CC      drivers/misc/mediatek/vdec_fmt/vdec_fmt_sync.o
  CC      drivers/misc/mediatek/usb20/musb_gadget_ep0.o
  AR      drivers/misc/mediatek/vdec_fmt/built-in.a
  CC      drivers/misc/mediatek/vibrator/vibrator_drv.o
  CC      drivers/misc/mediatek/typec/tcpc/pd_policy_engine.o
  CC      drivers/misc/mediatek/thermal/common/thermal_zones/mtk_ts_pmic.o
  CC      drivers/misc/mediatek/vibrator/mt6785/vibrator.o
  CC      drivers/misc/mediatek/typec/tcpc/pd_process_evt.o
  CC      drivers/misc/mediatek/usb20/musb_gadget.o
  CC      drivers/misc/mediatek/thermal/common/thermal_zones/mtk_ts_charger_v1.o
  AR      drivers/misc/mediatek/vibrator/mt6785/built-in.a
  AR      drivers/misc/mediatek/vibrator/built-in.a
  CC      drivers/misc/mediatek/thermal/common/mtk_thermal_timer.o
  CC      drivers/misc/mediatek/typec/tcpc/pd_dpm_core.o
  CC      drivers/misc/mediatek/usb20/musb_debugfs.o
  CC      drivers/misc/mediatek/thermal/common/thermal_zones/mtk_ts_wmt.o
  CC      drivers/misc/mediatek/typec/tcpc/pd_dpm_uvdm.o
  CC      drivers/misc/mediatek/vow/ver01/vow.o
  CC      drivers/misc/mediatek/usb20/musb_dr.o
  CC      drivers/misc/mediatek/typec/tcpc/pd_dpm_alt_mode_dp.o
  CC      drivers/misc/mediatek/thermal/common/thermal_zones/mtk_tsAll.o
  CC      drivers/misc/mediatek/typec/tcpc/pd_dpm_pdo_select.o
  CC      drivers/misc/mediatek/vow/ver01/vow_scp.o
  CC      drivers/misc/mediatek/usb20/mtk_qmu.o
  AR      drivers/misc/mediatek/vow/ver01/built-in.a
  AR      drivers/misc/mediatek/vow/built-in.a
  CC      drivers/misc/mediatek/usb20/musb_qmu.o
  CC      drivers/misc/mediatek/typec/tcpc/pd_dpm_reaction.o
  CC      drivers/misc/mediatek/typec/tcpc/pd_process_evt_snk.o
  CC      drivers/misc/mediatek/thermal/common/thermal_zones/mtk_ts_imgsensor.o
  CC      drivers/misc/mediatek/typec/tcpc/pd_process_evt_src.o
  CC      drivers/misc/mediatek/usb20/musbhsdma.o
  CC      drivers/misc/mediatek/typec/tcpc/pd_process_evt_vdm.o
  CC      drivers/misc/mediatek/typec/tcpc/pd_process_evt_drs.o
  CC      drivers/misc/mediatek/typec/tcpc/pd_process_evt_prs.o
  AR      drivers/misc/mediatek/thermal/common/thermal_zones/built-in.a
  CC      drivers/misc/mediatek/usb20/mt6781/usb20.o
  AR      drivers/misc/mediatek/thermal/common/built-in.a
  AR      drivers/misc/mediatek/thermal/built-in.a
  CC      drivers/misc/mediatek/usb20/mt6781/usb20_host.o
  CC      drivers/misc/mediatek/typec/tcpc/pd_process_evt_vcs.o
  CC      drivers/misc/mediatek/typec/tcpc/pd_process_evt_dbg.o
  CC      drivers/misc/mediatek/typec/tcpc/pd_process_evt_tcp.o
  CC      drivers/misc/mediatek/typec/tcpc/pd_process_evt_com.o
  CC      drivers/misc/mediatek/typec/tcpc/pd_policy_engine_src.o
  CC      drivers/misc/mediatek/typec/tcpc/pd_policy_engine_snk.o
  CC      drivers/misc/mediatek/typec/tcpc/pd_policy_engine_ufp.o
  AR      drivers/misc/mediatek/usb20/built-in.a
  CC      drivers/misc/mediatek/typec/tcpc/pd_policy_engine_vcs.o
  CC      drivers/misc/mediatek/typec/tcpc/pd_policy_engine_dfp.o
  CC      drivers/misc/mediatek/typec/tcpc/pd_policy_engine_dr.o
  CC      drivers/misc/mediatek/typec/tcpc/pd_policy_engine_drs.o
  CC      drivers/misc/mediatek/typec/tcpc/pd_policy_engine_prs.o
  CC      drivers/misc/mediatek/typec/tcpc/pd_policy_engine_dbg.o
  CC      drivers/misc/mediatek/typec/tcpc/pd_policy_engine_com.o
  CC      drivers/misc/mediatek/typec/tcpc/pd_dpm_alt_mode_dc.o
  AR      drivers/misc/mediatek/typec/tcpc/built-in.a
  AR      drivers/misc/mediatek/typec/built-in.a
  AR      drivers/misc/mediatek/built-in.a
  AR      drivers/misc/built-in.a
  AR      drivers/built-in.a
  GEN     .version
  CHK     include/generated/compile.h
  UPD     include/generated/compile.h
  CC      init/version.o
  AR      init/built-in.a
  AR      built-in.a
  MODPOST vmlinux.o
  KSYM    .tmp_kallsyms1.o
  KSYM    .tmp_kallsyms2.o
  LD      vmlinux
  SORTEX  vmlinux
  SYSMAP  System.map
  OBJCOPY arch/arm64/boot/Image
  Building modules, stage 2.
  MODPOST 5 modules
  CC      drivers/video/backlight/lcd.mod.o
  CC      net/ipv4/tcp_htcp.mod.o
  CC      net/ipv4/tcp_westwood.mod.o
  GZIP    arch/arm64/boot/Image.gz
  CC      sound/soc/codecs/mt6357-accdet.mod.o
  CC      sound/soc/codecs/mt6359-accdet.mod.o
  LD [M]  drivers/video/backlight/lcd.ko
  LD [M]  net/ipv4/tcp_htcp.ko
  LD [M]  net/ipv4/tcp_westwood.ko
  LD [M]  sound/soc/codecs/mt6359-accdet.ko
  LD [M]  sound/soc/codecs/mt6357-accdet.ko
  DTC     arch/arm64/boot/dts/mediatek/mt6781.dtb
In file included from ../arch/arm64/boot/dts/mediatek/mt6781.dts:19:
../scripts/dtc/include-prefixes/dt-bindings/pinctrl/mt6781-pinfunc.h:397:9: warning: 'PINMUX_GPIO61__FUNC_IO_JTAG_TDI' macro redefined [-Wmacro-redefined]
#define PINMUX_GPIO61__FUNC_IO_JTAG_TDI (MTK_PIN_NO(61) | 7)
        ^
../scripts/dtc/include-prefixes/dt-bindings/pinctrl/mt6781-pinfunc.h:396:9: note: previous definition is here
#define PINMUX_GPIO61__FUNC_IO_JTAG_TDI (MTK_PIN_NO(61) | 6)
        ^
../scripts/dtc/include-prefixes/dt-bindings/pinctrl/mt6781-pinfunc.h:406:9: warning: 'PINMUX_GPIO62__FUNC_IO_JTAG_TRSTN' macro redefined [-Wmacro-redefined]
#define PINMUX_GPIO62__FUNC_IO_JTAG_TRSTN (MTK_PIN_NO(62) | 7)
        ^
../scripts/dtc/include-prefixes/dt-bindings/pinctrl/mt6781-pinfunc.h:405:9: note: previous definition is here
#define PINMUX_GPIO62__FUNC_IO_JTAG_TRSTN (MTK_PIN_NO(62) | 6)
        ^
../scripts/dtc/include-prefixes/dt-bindings/pinctrl/mt6781-pinfunc.h:415:9: warning: 'PINMUX_GPIO63__FUNC_IO_JTAG_TCK' macro redefined [-Wmacro-redefined]
#define PINMUX_GPIO63__FUNC_IO_JTAG_TCK (MTK_PIN_NO(63) | 7)
        ^
../scripts/dtc/include-prefixes/dt-bindings/pinctrl/mt6781-pinfunc.h:414:9: note: previous definition is here
#define PINMUX_GPIO63__FUNC_IO_JTAG_TCK (MTK_PIN_NO(63) | 6)
        ^
../scripts/dtc/include-prefixes/dt-bindings/pinctrl/mt6781-pinfunc.h:424:9: warning: 'PINMUX_GPIO64__FUNC_IO_JTAG_TDO' macro redefined [-Wmacro-redefined]
#define PINMUX_GPIO64__FUNC_IO_JTAG_TDO (MTK_PIN_NO(64) | 7)
        ^
../scripts/dtc/include-prefixes/dt-bindings/pinctrl/mt6781-pinfunc.h:423:9: note: previous definition is here
#define PINMUX_GPIO64__FUNC_IO_JTAG_TDO (MTK_PIN_NO(64) | 6)
        ^
../scripts/dtc/include-prefixes/dt-bindings/pinctrl/mt6781-pinfunc.h:433:9: warning: 'PINMUX_GPIO65__FUNC_IO_JTAG_TMS' macro redefined [-Wmacro-redefined]
#define PINMUX_GPIO65__FUNC_IO_JTAG_TMS (MTK_PIN_NO(65) | 7)
        ^
../scripts/dtc/include-prefixes/dt-bindings/pinctrl/mt6781-pinfunc.h:432:9: note: previous definition is here
#define PINMUX_GPIO65__FUNC_IO_JTAG_TMS (MTK_PIN_NO(65) | 6)
        ^
../scripts/dtc/include-prefixes/dt-bindings/pinctrl/mt6781-pinfunc.h:442:9: warning: 'PINMUX_GPIO66__FUNC_DAP_MD32_SWD' macro redefined [-Wmacro-redefined]
#define PINMUX_GPIO66__FUNC_DAP_MD32_SWD (MTK_PIN_NO(66) | 7)
        ^
../scripts/dtc/include-prefixes/dt-bindings/pinctrl/mt6781-pinfunc.h:441:9: note: previous definition is here
#define PINMUX_GPIO66__FUNC_DAP_MD32_SWD (MTK_PIN_NO(66) | 6)
        ^
../scripts/dtc/include-prefixes/dt-bindings/pinctrl/mt6781-pinfunc.h:451:9: warning: 'PINMUX_GPIO67__FUNC_DAP_MD32_SWCK' macro redefined [-Wmacro-redefined]
#define PINMUX_GPIO67__FUNC_DAP_MD32_SWCK (MTK_PIN_NO(67) | 7)
        ^
../scripts/dtc/include-prefixes/dt-bindings/pinctrl/mt6781-pinfunc.h:450:9: note: previous definition is here
#define PINMUX_GPIO67__FUNC_DAP_MD32_SWCK (MTK_PIN_NO(67) | 6)
        ^
7 warnings generated.
  CAT     arch/arm64/boot/Image.gz-dtb
make[1]: Leaving directory '/workspaces/realme_Narzo-50_8i-AndroidT-kernel-source/out'
